"title","id","collection"
"00000001.txt","pos","C20"
"00000037.txt","neg","C20"
"00000080.txt","neg","C20"
"00000083.txt","pos","C20"
"00000086.txt","pos","C20"
"00000107.txt","pos","C20"
"00000130.txt","pos","C20"
"00000183.txt","pos","C20"
"00000221.txt","neg","C20"
"00000241.txt","pos","C20"
"00000243.txt","pos","C20"
"00000244.txt","neg","C20"
"00000253.txt","pos","C20"
"00000309.txt","pos","C20"
"00000310.txt","neg","C20"
"00004763.txt","neg","C20"
"00000381.txt","neg","C20"
"00000401.txt","neg","C20"
"00000449.txt","neg","C20"
"00000450.txt","pos","C20"
"00000475.txt","neg","C20"
"00000515.txt","pos","C20"
"00000521.txt","neg","C20"
"00000524.txt","neg","C20"
"00000606.txt","neg","C20"
"00000671.txt","pos","C20"
"00000679.txt","pos","C20"
"00000698.txt","neg","C20"
"00000699.txt","neg","C20"
"00000711.txt","neg","C20"
"00000714.txt","neg","C20"
"00004764.txt","pos","C20"
"00000766.txt","pos","C20"
"00000790.txt","neg","C20"
"00000792.txt","pos","C20"
"00000822.txt","neg","C20"
"00000846.txt","neg","C20"
"00000877.txt","neg","C20"
"00000879.txt","pos","C20"
"00000902.txt","pos","C20"
"00000930.txt","pos","C20"
"00000980.txt","pos","C20"
"00000986.txt","neg","C20"
"00001085.txt","neg","C20"
"00001089.txt","neg","C20"
"00001130.txt","neg","C20"
"00001131.txt","pos","C20"
"00001161.txt","neg","C20"
"00001176.txt","neg","C20"
"00001177.txt","pos","C20"
"00001185.txt","pos","C20"
"00001186.txt","pos","C20"
"00001192.txt","pos","C20"
"00001196.txt","pos","C20"
"00001273.txt","pos","C20"
"00001291.txt","neg","C20"
"00001312.txt","pos","C20"
"00001315.txt","pos","C20"
"00001362.txt","pos","C20"
"00001366.txt","neg","C20"
"00001382.txt","neg","C20"
"00001384.txt","neg","C20"
"00001415.txt","pos","C20"
"00001437.txt","pos","C20"
"00001443.txt","neg","C20"
"00001457.txt","pos","C20"
"00001530.txt","pos","C20"
"00001601.txt","pos","C20"
"00001629.txt","neg","C20"
"00001666.txt","pos","C20"
"00001725.txt","neg","C20"
"00001729.txt","pos","C20"
"00001734.txt","neg","C20"
"00001752.txt","neg","C20"
"00001757.txt","pos","C20"
"00001785.txt","neg","C20"
"00001786.txt","neg","C20"
"00001828.txt","pos","C20"
"00001850.txt","pos","C20"
"00001884.txt","pos","C20"
"00002050.txt","pos","C20"
"00002076.txt","pos","C20"
"00002080.txt","pos","C20"
"00002092.txt","pos","C20"
"00002099.txt","neg","C20"
"00002152.txt","neg","C20"
"00002202.txt","pos","C20"
"00002217.txt","neg","C20"
"00002225.txt","neg","C20"
"00002234.txt","pos","C20"
"00002238.txt","pos","C20"
"00002256.txt","neg","C20"
"00002294.txt","pos","C20"
"00002304.txt","pos","C20"
"00002309.txt","neg","C20"
"00002310.txt","pos","C20"
"00002385.txt","neg","C20"
"00002419.txt","neg","C20"
"00002437.txt","neg","C20"
"00002475.txt","neg","C20"
"00002482.txt","pos","C20"
"00002499.txt","neg","C20"
"00002612.txt","pos","C20"
"00002615.txt","pos","C20"
"00002617.txt","pos","C20"
"00002619.txt","neg","C20"
"00002691.txt","neg","C20"
"00002753.txt","pos","C20"
"00002761.txt","pos","C20"
"00002762.txt","neg","C20"
"00002763.txt","neg","C20"
"00002767.txt","pos","C20"
"00002786.txt","pos","C20"
"00002837.txt","neg","C20"
"00002888.txt","neg","C20"
"00002889.txt","neg","C20"
"00002890.txt","pos","C20"
"00002943.txt","pos","C20"
"00002948.txt","pos","C20"
"00002988.txt","pos","C20"
"00003019.txt","pos","C20"
"00003054.txt","pos","C20"
"00003085.txt","neg","C20"
"00003255.txt","pos","C20"
"00003269.txt","pos","C20"
"00003270.txt","pos","C20"
"00003305.txt","neg","C20"
"00003352.txt","neg","C20"
"00003381.txt","neg","C20"
"00003382.txt","pos","C20"
"00003439.txt","pos","C20"
"00003462.txt","pos","C20"
"00003487.txt","pos","C20"
"00003504.txt","pos","C20"
"00003516.txt","neg","C20"
"00003517.txt","pos","C20"
"00003586.txt","neg","C20"
"00003629.txt","neg","C20"
"00003681.txt","neg","C20"
"00004849.txt","pos","C20"
"00003698.txt","neg","C20"
"00003699.txt","pos","C20"
"00003700.txt","pos","C20"
"00003713.txt","pos","C20"
"00003747.txt","pos","C20"
"00003750.txt","neg","C20"
"00003765.txt","neg","C20"
"00003785.txt","pos","C20"
"00003814.txt","pos","C20"
"00003863.txt","neg","C20"
"00004856.txt","pos","C20"
"00003950.txt","pos","C20"
"00003963.txt","pos","C20"
"00003980.txt","pos","C20"
"00003981.txt","pos","C20"
"00004019.txt","neg","C20"
"00004023.txt","pos","C20"
"00004054.txt","pos","C20"
"00004075.txt","neg","C20"
"00004099.txt","pos","C20"
"00004100.txt","pos","C20"
"00004138.txt","neg","C20"
"00004171.txt","pos","C20"
"00004187.txt","pos","C20"
"00004249.txt","neg","C20"
"00004280.txt","neg","C20"
"00004289.txt","pos","C20"
"00004338.txt","neg","C20"
"00004372.txt","pos","C20"
"00004381.txt","pos","C20"
"00004407.txt","neg","C20"
"00004408.txt","pos","C20"
"00004415.txt","neg","C20"
"00004431.txt","pos","C20"
"00004455.txt","neg","C20"
"00004464.txt","pos","C20"
"00004485.txt","pos","C20"
"00004506.txt","pos","C20"
"00004527.txt","pos","C20"
"00004538.txt","neg","C20"
"00004559.txt","pos","C20"
"00004593.txt","pos","C20"
"00004599.txt","neg","C20"
"00004620.txt","pos","C20"
"00004655.txt","neg","C20"
"00004657.txt","pos","C20"
"00004673.txt","pos","C20"
"00004690.txt","neg","C20"
"00004698.txt","neg","C20"
"00004705.txt","pos","C20"
"00004708.txt","neg","C20"
"00004734.txt","neg","C20"
"00004743.txt","pos","C20"
"00004744.txt","neg","C20"
"00004756.txt","pos","C20"
"00004877.txt","neg","C20"
"00010008.txt","neg","C20"
"00011109.txt","pos","C20"
"00011113.txt","neg","C20"
"00011114.txt","neg","C20"
"00010216.txt","pos","C20"
"00010223.txt","neg","C20"
"00010230.txt","pos","C20"
"00011121.txt","pos","C20"
"00011123.txt","pos","C20"
"00010232.txt","pos","C20"
"00010235.txt","pos","C20"
"00010236.txt","neg","C20"
"00010238.txt","pos","C20"
"00010239.txt","neg","C20"
"00010240.txt","pos","C20"
"00010241.txt","pos","C20"
"00010246.txt","pos","C20"
"00011022.txt","pos","C20"
"00011141.txt","neg","C20"
"00011148.txt","pos","C20"
"00011149.txt","neg","C20"
"00011156.txt","neg","C20"
"00010254.txt","pos","C20"
"00010256.txt","neg","C20"
"00010258.txt","neg","C20"
"00010261.txt","pos","C20"
"00010265.txt","pos","C20"
"00011026.txt","pos","C20"
"00011166.txt","neg","C20"
"00011169.txt","neg","C20"
"00010267.txt","neg","C20"
"00010268.txt","neg","C20"
"00010270.txt","neg","C20"
"00010272.txt","neg","C20"
"00010273.txt","pos","C20"
"00010275.txt","neg","C20"
"00010279.txt","pos","C20"
"00010280.txt","pos","C20"
"00011030.txt","pos","C20"
"00011191.txt","neg","C20"
"00011203.txt","pos","C20"
"00010286.txt","neg","C20"
"00010292.txt","neg","C20"
"00010293.txt","pos","C20"
"00010294.txt","neg","C20"
"00010298.txt","neg","C20"
"00010299.txt","pos","C20"
"00011031.txt","pos","C20"
"00011226.txt","pos","C20"
"00011234.txt","pos","C20"
"00011235.txt","pos","C20"
"00011242.txt","pos","C20"
"00010078.txt","neg","C20"
"00010080.txt","neg","C20"
"00010301.txt","neg","C20"
"00010302.txt","pos","C20"
"00010303.txt","neg","C20"
"00010307.txt","pos","C20"
"00010310.txt","pos","C20"
"00010312.txt","neg","C20"
"00010316.txt","neg","C20"
"00010320.txt","pos","C20"
"00010321.txt","pos","C20"
"00010322.txt","pos","C20"
"00010323.txt","pos","C20"
"00011100.txt","neg","C20"
"00011252.txt","pos","C20"
"00011255.txt","neg","C20"
"00011274.txt","neg","C20"
"00011277.txt","neg","C20"
"00010326.txt","neg","C20"
"00010328.txt","pos","C20"
"00010330.txt","neg","C20"
"00010333.txt","neg","C20"
"00010334.txt","neg","C20"
"00010336.txt","neg","C20"
"00010337.txt","pos","C20"
"00010341.txt","pos","C20"
"00011285.txt","neg","C20"
"00011298.txt","pos","C20"
"00011300.txt","pos","C20"
"00011302.txt","pos","C20"
"00011305.txt","neg","C20"
"00011311.txt","pos","C20"
"00010090.txt","neg","C20"
"00010344.txt","pos","C20"
"00010345.txt","neg","C20"
"00010346.txt","neg","C20"
"00010347.txt","pos","C20"
"00010350.txt","pos","C20"
"00010353.txt","neg","C20"
"00010355.txt","neg","C20"
"00010357.txt","neg","C20"
"00010358.txt","neg","C20"
"00010359.txt","neg","C20"
"00010361.txt","pos","C20"
"00010362.txt","neg","C20"
"00010364.txt","pos","C20"
"00010365.txt","pos","C20"
"00010366.txt","pos","C20"
"00011316.txt","neg","C20"
"00011323.txt","pos","C20"
"00011339.txt","neg","C20"
"00011349.txt","neg","C20"
"00010374.txt","pos","C20"
"00010375.txt","pos","C20"
"00010376.txt","pos","C20"
"00010377.txt","pos","C20"
"00010378.txt","neg","C20"
"00010379.txt","pos","C20"
"00010380.txt","neg","C20"
"00010382.txt","pos","C20"
"00010384.txt","pos","C20"
"00010385.txt","pos","C20"
"00010392.txt","pos","C20"
"00010393.txt","neg","C20"
"00010394.txt","pos","C20"
"00011043.txt","neg","C20"
"00011358.txt","pos","C20"
"00011383.txt","pos","C20"
"00011384.txt","neg","C20"
"00011385.txt","neg","C20"
"00010402.txt","pos","C20"
"00010403.txt","pos","C20"
"00010404.txt","pos","C20"
"00010405.txt","pos","C20"
"00010413.txt","pos","C20"
"00010415.txt","pos","C20"
"00010416.txt","neg","C20"
"00010417.txt","neg","C20"
"00010421.txt","pos","C20"
"00010422.txt","pos","C20"
"00010425.txt","pos","C20"
"00011046.txt","neg","C20"
"00011396.txt","pos","C20"
"00011404.txt","pos","C20"
"00011416.txt","neg","C20"
"00010430.txt","neg","C20"
"00010432.txt","pos","C20"
"00010435.txt","neg","C20"
"00010437.txt","neg","C20"
"00010439.txt","neg","C20"
"00010443.txt","neg","C20"
"00010446.txt","neg","C20"
"00010448.txt","pos","C20"
"00010449.txt","pos","C20"
"00010455.txt","neg","C20"
"00010460.txt","pos","C20"
"00010461.txt","pos","C20"
"00010462.txt","pos","C20"
"00011442.txt","pos","C20"
"00010465.txt","neg","C20"
"00010467.txt","neg","C20"
"00010470.txt","pos","C20"
"00010471.txt","pos","C20"
"00010476.txt","pos","C20"
"00010478.txt","neg","C20"
"00010479.txt","pos","C20"
"00010480.txt","pos","C20"
"00010481.txt","neg","C20"
"00010482.txt","pos","C20"
"00011462.txt","neg","C20"
"00011468.txt","neg","C20"
"00011469.txt","neg","C20"
"00011472.txt","pos","C20"
"00010483.txt","pos","C20"
"00010485.txt","neg","C20"
"00010486.txt","pos","C20"
"00010487.txt","pos","C20"
"00010488.txt","pos","C20"
"00010490.txt","pos","C20"
"00010494.txt","neg","C20"
"00010500.txt","neg","C20"
"00010502.txt","neg","C20"
"00010503.txt","pos","C20"
"00010507.txt","pos","C20"
"00010508.txt","neg","C20"
"00010509.txt","neg","C20"
"00010510.txt","pos","C20"
"00010511.txt","neg","C20"
"00011499.txt","pos","C20"
"00010514.txt","pos","C20"
"00010515.txt","neg","C20"
"00010519.txt","neg","C20"
"00010521.txt","pos","C20"
"00010525.txt","pos","C20"
"00010526.txt","neg","C20"
"00010529.txt","neg","C20"
"00010530.txt","neg","C20"
"00010531.txt","pos","C20"
"00010534.txt","pos","C20"
"00011519.txt","neg","C20"
"00011535.txt","neg","C20"
"00011545.txt","pos","C20"
"00011552.txt","pos","C20"
"00010537.txt","neg","C20"
"00010542.txt","neg","C20"
"00010543.txt","neg","C20"
"00010552.txt","pos","C20"
"00010554.txt","pos","C20"
"00010561.txt","pos","C20"
"00010562.txt","neg","C20"
"00010567.txt","neg","C20"
"00011061.txt","pos","C20"
"00011564.txt","pos","C20"
"00011575.txt","pos","C20"
"00011584.txt","pos","C20"
"00011591.txt","pos","C20"
"00010571.txt","neg","C20"
"00010572.txt","pos","C20"
"00010579.txt","pos","C20"
"00010582.txt","pos","C20"
"00010583.txt","neg","C20"
"00010586.txt","pos","C20"
"00010587.txt","neg","C20"
"00010588.txt","pos","C20"
"00010589.txt","pos","C20"
"00010592.txt","pos","C20"
"00011592.txt","pos","C20"
"00011593.txt","pos","C20"
"00011606.txt","pos","C20"
"00010151.txt","neg","C20"
"00010152.txt","neg","C20"
"00010156.txt","pos","C20"
"00010597.txt","pos","C20"
"00010598.txt","neg","C20"
"00010599.txt","pos","C20"
"00010603.txt","neg","C20"
"00010605.txt","pos","C20"
"00010609.txt","neg","C20"
"00010612.txt","pos","C20"
"00010613.txt","pos","C20"
"00010615.txt","pos","C20"
"00010617.txt","pos","C20"
"00010621.txt","neg","C20"
"00010622.txt","neg","C20"
"00010623.txt","pos","C20"
"00010625.txt","pos","C20"
"00010626.txt","pos","C20"
"00010627.txt","neg","C20"
"00011101.txt","neg","C20"
"00011664.txt","pos","C20"
"00010628.txt","pos","C20"
"00010632.txt","neg","C20"
"00010644.txt","neg","C20"
"00010645.txt","neg","C20"
"00010647.txt","neg","C20"
"00010653.txt","pos","C20"
"00010654.txt","pos","C20"
"00011675.txt","neg","C20"
"00011681.txt","neg","C20"
"00010658.txt","pos","C20"
"00010661.txt","pos","C20"
"00010662.txt","neg","C20"
"00010665.txt","neg","C20"
"00010670.txt","pos","C20"
"00010675.txt","pos","C20"
"00010679.txt","neg","C20"
"00010685.txt","neg","C20"
"00010688.txt","pos","C20"
"00010689.txt","neg","C20"
"00010690.txt","pos","C20"
"00010691.txt","neg","C20"
"00010692.txt","neg","C20"
"00010694.txt","pos","C20"
"00011074.txt","pos","C20"
"00011102.txt","pos","C20"
"00011703.txt","neg","C20"
"00011709.txt","neg","C20"
"00011711.txt","neg","C20"
"00010695.txt","pos","C20"
"00010700.txt","pos","C20"
"00010701.txt","neg","C20"
"00010702.txt","pos","C20"
"00010706.txt","pos","C20"
"00010710.txt","neg","C20"
"00010717.txt","neg","C20"
"00010722.txt","pos","C20"
"00010723.txt","neg","C20"
"00010724.txt","pos","C20"
"00010728.txt","pos","C20"
"00011724.txt","pos","C20"
"00011730.txt","pos","C20"
"00011736.txt","neg","C20"
"00010732.txt","pos","C20"
"00010733.txt","neg","C20"
"00010736.txt","pos","C20"
"00010743.txt","pos","C20"
"00010746.txt","pos","C20"
"00010756.txt","pos","C20"
"00010760.txt","pos","C20"
"00010761.txt","pos","C20"
"00011081.txt","pos","C20"
"00010778.txt","pos","C20"
"00010797.txt","pos","C20"
"00010767.txt","neg","C20"
"00011082.txt","neg","C20"
"00011775.txt","neg","C20"
"00011781.txt","pos","C20"
"00010790.txt","neg","C20"
"00011774.txt","neg","C20"
"00010782.txt","pos","C20"
"00011783.txt","pos","C20"
"00010791.txt","neg","C20"
"00010769.txt","pos","C20"
"00011083.txt","pos","C20"
"00010775.txt","neg","C20"
"00011762.txt","pos","C20"
"00010770.txt","neg","C20"
"00011773.txt","pos","C20"
"00010781.txt","pos","C20"
"00011782.txt","pos","C20"
"00010795.txt","pos","C20"
"00010766.txt","neg","C20"
"00010777.txt","neg","C20"
"00010789.txt","neg","C20"
"00010779.txt","pos","C20"
"00011780.txt","pos","C20"
"00010780.txt","neg","C20"
"00010796.txt","neg","C20"
"00011790.txt","pos","C20"
"00010783.txt","pos","C20"
"00011779.txt","pos","C20"
"00010809.txt","pos","C20"
"00010826.txt","pos","C20"
"00010815.txt","pos","C20"
"00011806.txt","neg","C20"
"00011800.txt","pos","C20"
"00011798.txt","pos","C20"
"00011816.txt","neg","C20"
"00010805.txt","pos","C20"
"00010819.txt","pos","C20"
"00011793.txt","pos","C20"
"00010825.txt","pos","C20"
"00010806.txt","neg","C20"
"00011811.txt","pos","C20"
"00010803.txt","pos","C20"
"00010818.txt","neg","C20"
"00010813.txt","pos","C20"
"00011087.txt","pos","C20"
"00010798.txt","pos","C20"
"00010802.txt","neg","C20"
"00011809.txt","pos","C20"
"00010824.txt","pos","C20"
"00011819.txt","pos","C20"
"00010836.txt","pos","C20"
"00010807.txt","pos","C20"
"00011818.txt","pos","C20"
"00010831.txt","pos","C20"
"00010823.txt","neg","C20"
"00011802.txt","pos","C20"
"00010808.txt","neg","C20"
"00010833.txt","pos","C20"
"00011846.txt","pos","C20"
"00011845.txt","pos","C20"
"00010851.txt","pos","C20"
"00011826.txt","pos","C20"
"00011842.txt","pos","C20"
"00010874.txt","neg","C20"
"00010837.txt","neg","C20"
"00010860.txt","pos","C20"
"00010870.txt","neg","C20"
"00010847.txt","neg","C20"
"00011822.txt","pos","C20"
"00011838.txt","pos","C20"
"00010840.txt","neg","C20"
"00011843.txt","pos","C20"
"00011833.txt","pos","C20"
"00010842.txt","neg","C20"
"00010853.txt","neg","C20"
"00011831.txt","pos","C20"
"00011088.txt","neg","C20"
"00011835.txt","pos","C20"
"00010868.txt","pos","C20"
"00010839.txt","pos","C20"
"00011847.txt","pos","C20"
"00010871.txt","pos","C20"
"00011829.txt","neg","C20"
"00010854.txt","pos","C20"
"00010872.txt","pos","C20"
"00011844.txt","pos","C20"
"00010917.txt","neg","C20"
"00010891.txt","neg","C20"
"00011864.txt","pos","C20"
"00010916.txt","neg","C20"
"00011865.txt","neg","C20"
"00010909.txt","neg","C20"
"00010900.txt","neg","C20"
"00011874.txt","pos","C20"
"00011855.txt","pos","C20"
"00011850.txt","pos","C20"
"00010888.txt","neg","C20"
"00010889.txt","pos","C20"
"00010921.txt","pos","C20"
"00010911.txt","neg","C20"
"00010906.txt","pos","C20"
"00010892.txt","pos","C20"
"00011854.txt","pos","C20"
"00011870.txt","pos","C20"
"00010910.txt","neg","C20"
"00011858.txt","neg","C20"
"00010924.txt","pos","C20"
"00010881.txt","neg","C20"
"00011860.txt","neg","C20"
"00010915.txt","neg","C20"
"00010923.txt","neg","C20"
"00011849.txt","pos","C20"
"00010903.txt","pos","C20"
"00011868.txt","pos","C20"
"00011852.txt","neg","C20"
"00010961.txt","pos","C20"
"00011878.txt","pos","C20"
"00010928.txt","neg","C20"
"00010963.txt","pos","C20"
"00010949.txt","pos","C20"
"00010967.txt","neg","C20"
"00011894.txt","neg","C20"
"00010939.txt","pos","C20"
"00010934.txt","neg","C20"
"00010951.txt","neg","C20"
"00011879.txt","neg","C20"
"00011893.txt","pos","C20"
"00011892.txt","pos","C20"
"00010926.txt","pos","C20"
"00010931.txt","neg","C20"
"00010927.txt","neg","C20"
"00011884.txt","pos","C20"
"00011096.txt","pos","C20"
"00010960.txt","neg","C20"
"00010935.txt","neg","C20"
"00011885.txt","pos","C20"
"00011901.txt","neg","C20"
"00010946.txt","pos","C20"
"00010942.txt","pos","C20"
"00011890.txt","neg","C20"
"00010964.txt","pos","C20"
"00011900.txt","pos","C20"
"00011886.txt","pos","C20"
"00011010.txt","neg","C20"
"00010980.txt","neg","C20"
"00011008.txt","neg","C20"
"00010984.txt","pos","C20"
"00010986.txt","pos","C20"
"00011013.txt","pos","C20"
"00010988.txt","neg","C20"
"00011902.txt","pos","C20"
"00011909.txt","pos","C20"
"00011904.txt","neg","C20"
"00010976.txt","pos","C20"
"00011006.txt","neg","C20"
"00010974.txt","neg","C20"
"00011001.txt","neg","C20"
"00010995.txt","pos","C20"
"00010983.txt","pos","C20"
"00010985.txt","pos","C20"
"00011000.txt","neg","C20"
"00011002.txt","pos","C20"
"00011923.txt","neg","C20"
"00011012.txt","pos","C20"
"00011003.txt","neg","C20"
"00011913.txt","pos","C20"
"00011004.txt","neg","C20"
"00011911.txt","pos","C20"
"00011932.txt","neg","C20"
"00010989.txt","pos","C20"
"00011912.txt","pos","C20"
"00011933.txt","pos","C20"
"00010994.txt","neg","C20"
"00020023.txt","neg","C20"
"00020033.txt","pos","C20"
"00020037.txt","neg","C20"
"00020039.txt","pos","C20"
"00023466.txt","pos","C20"
"00020008.txt","pos","C20"
"00020015.txt","neg","C20"
"00020016.txt","neg","C20"
"00020022.txt","pos","C20"
"00020006.txt","neg","C20"
"00020001.txt","neg","C20"
"00023467.txt","pos","C20"
"00020013.txt","neg","C20"
"00020012.txt","pos","C20"
"00020034.txt","neg","C20"
"00020040.txt","neg","C20"
"00020036.txt","neg","C20"
"00020014.txt","neg","C20"
"00020010.txt","neg","C20"
"00020018.txt","pos","C20"
"00020031.txt","pos","C20"
"00020030.txt","neg","C20"
"00023464.txt","pos","C20"
"00020024.txt","pos","C20"
"00020003.txt","pos","C20"
"00020035.txt","pos","C20"
"00020032.txt","pos","C20"
"00020005.txt","neg","C20"
"00020028.txt","neg","C20"
"00020021.txt","pos","C20"
"00020062.txt","neg","C20"
"00020048.txt","pos","C20"
"00020065.txt","neg","C20"
"00020044.txt","pos","C20"
"00023468.txt","neg","C20"
"00020056.txt","pos","C20"
"00020069.txt","pos","C20"
"00020071.txt","pos","C20"
"00020080.txt","neg","C20"
"00020050.txt","neg","C20"
"00020072.txt","neg","C20"
"00020070.txt","pos","C20"
"00020052.txt","pos","C20"
"00020066.txt","neg","C20"
"00020051.txt","pos","C20"
"00020068.txt","pos","C20"
"00020060.txt","pos","C20"
"00020073.txt","neg","C20"
"00023471.txt","pos","C20"
"00020082.txt","neg","C20"
"00020045.txt","pos","C20"
"00020059.txt","neg","C20"
"00020058.txt","neg","C20"
"00020054.txt","neg","C20"
"00020047.txt","neg","C20"
"00020061.txt","pos","C20"
"00020055.txt","neg","C20"
"00023469.txt","pos","C20"
"00020046.txt","neg","C20"
"00023470.txt","pos","C20"
"00020086.txt","pos","C20"
"00023473.txt","pos","C20"
"00020108.txt","neg","C20"
"00020096.txt","neg","C20"
"00020117.txt","neg","C20"
"00020092.txt","pos","C20"
"00020085.txt","pos","C20"
"00020109.txt","pos","C20"
"00020090.txt","neg","C20"
"00020094.txt","pos","C20"
"00020083.txt","pos","C20"
"00023474.txt","pos","C20"
"00020104.txt","pos","C20"
"00020118.txt","pos","C20"
"00020087.txt","pos","C20"
"00020097.txt","neg","C20"
"00020091.txt","neg","C20"
"00020107.txt","pos","C20"
"00020089.txt","neg","C20"
"00020116.txt","neg","C20"
"00020125.txt","pos","C20"
"00020103.txt","neg","C20"
"00020101.txt","neg","C20"
"00020095.txt","pos","C20"
"00023475.txt","pos","C20"
"00020111.txt","pos","C20"
"00020093.txt","pos","C20"
"00020088.txt","neg","C20"
"00020150.txt","pos","C20"
"00020171.txt","pos","C20"
"00020140.txt","neg","C20"
"00020169.txt","pos","C20"
"00020130.txt","pos","C20"
"00020127.txt","neg","C20"
"00023476.txt","pos","C20"
"00020131.txt","neg","C20"
"00020134.txt","pos","C20"
"00020129.txt","neg","C20"
"00020147.txt","pos","C20"
"00020167.txt","pos","C20"
"00023479.txt","pos","C20"
"00020138.txt","neg","C20"
"00020142.txt","pos","C20"
"00020151.txt","pos","C20"
"00020128.txt","pos","C20"
"00020139.txt","pos","C20"
"00020144.txt","neg","C20"
"00020161.txt","pos","C20"
"00020170.txt","pos","C20"
"00023477.txt","pos","C20"
"00020152.txt","pos","C20"
"00020135.txt","pos","C20"
"00020156.txt","neg","C20"
"00020160.txt","pos","C20"
"00020148.txt","pos","C20"
"00020145.txt","pos","C20"
"00020132.txt","neg","C20"
"00020137.txt","neg","C20"
"00020198.txt","pos","C20"
"00020172.txt","pos","C20"
"00020187.txt","pos","C20"
"00020192.txt","pos","C20"
"00020188.txt","pos","C20"
"00020205.txt","pos","C20"
"00020196.txt","pos","C20"
"00023481.txt","neg","C20"
"00020193.txt","neg","C20"
"00020199.txt","pos","C20"
"00020178.txt","pos","C20"
"00020207.txt","pos","C20"
"00020183.txt","pos","C20"
"00020180.txt","neg","C20"
"00020175.txt","neg","C20"
"00020195.txt","neg","C20"
"00020181.txt","pos","C20"
"00020208.txt","pos","C20"
"00020201.txt","pos","C20"
"00023480.txt","pos","C20"
"00020185.txt","pos","C20"
"00020204.txt","pos","C20"
"00020186.txt","neg","C20"
"00020190.txt","neg","C20"
"00020191.txt","pos","C20"
"00020173.txt","pos","C20"
"00020177.txt","pos","C20"
"00020209.txt","neg","C20"
"00020194.txt","pos","C20"
"00020260.txt","pos","C20"
"00020240.txt","pos","C20"
"00020235.txt","pos","C20"
"00020221.txt","pos","C20"
"00020255.txt","pos","C20"
"00020220.txt","neg","C20"
"00020232.txt","pos","C20"
"00020256.txt","neg","C20"
"00023486.txt","pos","C20"
"00020228.txt","pos","C20"
"00020219.txt","pos","C20"
"00020215.txt","neg","C20"
"00020227.txt","neg","C20"
"00020217.txt","pos","C20"
"00020237.txt","neg","C20"
"00020257.txt","pos","C20"
"00020212.txt","pos","C20"
"00020250.txt","pos","C20"
"00020248.txt","pos","C20"
"00020249.txt","pos","C20"
"00020243.txt","pos","C20"
"00020245.txt","neg","C20"
"00020244.txt","neg","C20"
"00020233.txt","pos","C20"
"00020226.txt","pos","C20"
"00023483.txt","pos","C20"
"00023484.txt","pos","C20"
"00020229.txt","pos","C20"
"00020254.txt","pos","C20"
"00020223.txt","neg","C20"
"00020292.txt","pos","C20"
"00020271.txt","pos","C20"
"00020290.txt","neg","C20"
"00020266.txt","neg","C20"
"00020268.txt","pos","C20"
"00020297.txt","neg","C20"
"00020303.txt","pos","C20"
"00020270.txt","pos","C20"
"00020284.txt","pos","C20"
"00023490.txt","pos","C20"
"00020279.txt","pos","C20"
"00020299.txt","pos","C20"
"00020273.txt","pos","C20"
"00020282.txt","neg","C20"
"00020269.txt","pos","C20"
"00020293.txt","neg","C20"
"00020301.txt","pos","C20"
"00020280.txt","pos","C20"
"00020298.txt","neg","C20"
"00020265.txt","pos","C20"
"00020283.txt","neg","C20"
"00023489.txt","neg","C20"
"00020294.txt","pos","C20"
"00020287.txt","pos","C20"
"00020296.txt","pos","C20"
"00020302.txt","neg","C20"
"00020286.txt","neg","C20"
"00023487.txt","pos","C20"
"00020278.txt","pos","C20"
"00020310.txt","pos","C20"
"00023493.txt","pos","C20"
"00020315.txt","pos","C20"
"00020354.txt","neg","C20"
"00020321.txt","pos","C20"
"00020305.txt","pos","C20"
"00020338.txt","neg","C20"
"00020306.txt","pos","C20"
"00020352.txt","pos","C20"
"00020342.txt","neg","C20"
"00020307.txt","pos","C20"
"00020309.txt","pos","C20"
"00020324.txt","neg","C20"
"00020319.txt","neg","C20"
"00020320.txt","neg","C20"
"00020327.txt","neg","C20"
"00020332.txt","pos","C20"
"00020312.txt","neg","C20"
"00020349.txt","pos","C20"
"00020317.txt","neg","C20"
"00020329.txt","pos","C20"
"00020351.txt","neg","C20"
"00020313.txt","pos","C20"
"00020343.txt","neg","C20"
"00020356.txt","pos","C20"
"00020353.txt","pos","C20"
"00020314.txt","pos","C20"
"00020355.txt","pos","C20"
"00020344.txt","neg","C20"
"00020318.txt","pos","C20"
"00020381.txt","pos","C20"
"00020394.txt","neg","C20"
"00020382.txt","neg","C20"
"00020380.txt","neg","C20"
"00020359.txt","pos","C20"
"00020377.txt","pos","C20"
"00020358.txt","pos","C20"
"00020388.txt","pos","C20"
"00020369.txt","neg","C20"
"00020363.txt","pos","C20"
"00020386.txt","pos","C20"
"00020368.txt","neg","C20"
"00020395.txt","pos","C20"
"00020372.txt","neg","C20"
"00020370.txt","pos","C20"
"00020364.txt","pos","C20"
"00020389.txt","neg","C20"
"00020390.txt","neg","C20"
"00020383.txt","neg","C20"
"00020385.txt","neg","C20"
"00020376.txt","pos","C20"
"00020365.txt","pos","C20"
"00020360.txt","neg","C20"
"00020396.txt","pos","C20"
"00020378.txt","neg","C20"
"00020392.txt","pos","C20"
"00023497.txt","pos","C20"
"00023495.txt","neg","C20"
"00020367.txt","pos","C20"
"00023496.txt","pos","C20"
"00020400.txt","pos","C20"
"00020399.txt","neg","C20"
"00020397.txt","pos","C20"
"00023498.txt","pos","C20"
"00020422.txt","pos","C20"
"00020419.txt","neg","C20"
"00020415.txt","pos","C20"
"00020413.txt","neg","C20"
"00020418.txt","pos","C20"
"00020433.txt","pos","C20"
"00020428.txt","pos","C20"
"00020427.txt","pos","C20"
"00023501.txt","pos","C20"
"00020434.txt","pos","C20"
"00020421.txt","pos","C20"
"00020423.txt","neg","C20"
"00020404.txt","neg","C20"
"00020403.txt","neg","C20"
"00020411.txt","neg","C20"
"00020424.txt","neg","C20"
"00020401.txt","neg","C20"
"00020406.txt","pos","C20"
"00020416.txt","pos","C20"
"00020405.txt","pos","C20"
"00020414.txt","pos","C20"
"00020425.txt","pos","C20"
"00023499.txt","pos","C20"
"00020435.txt","neg","C20"
"00020437.txt","pos","C20"
"00020472.txt","neg","C20"
"00020458.txt","neg","C20"
"00020469.txt","neg","C20"
"00020467.txt","neg","C20"
"00020468.txt","pos","C20"
"00020447.txt","pos","C20"
"00020465.txt","pos","C20"
"00020442.txt","pos","C20"
"00020441.txt","pos","C20"
"00020454.txt","pos","C20"
"00020459.txt","neg","C20"
"00020452.txt","pos","C20"
"00020460.txt","neg","C20"
"00020475.txt","pos","C20"
"00020463.txt","neg","C20"
"00020477.txt","pos","C20"
"00020453.txt","pos","C20"
"00020440.txt","pos","C20"
"00020439.txt","neg","C20"
"00023503.txt","pos","C20"
"00020474.txt","neg","C20"
"00020461.txt","pos","C20"
"00020438.txt","neg","C20"
"00020470.txt","pos","C20"
"00020464.txt","neg","C20"
"00020476.txt","pos","C20"
"00020444.txt","pos","C20"
"00020462.txt","neg","C20"
"00020473.txt","pos","C20"
"00020527.txt","pos","C20"
"00020524.txt","pos","C20"
"00020491.txt","neg","C20"
"00020500.txt","pos","C20"
"00020482.txt","neg","C20"
"00020515.txt","pos","C20"
"00020488.txt","pos","C20"
"00023508.txt","neg","C20"
"00020499.txt","neg","C20"
"00023507.txt","neg","C20"
"00020520.txt","pos","C20"
"00020505.txt","neg","C20"
"00020525.txt","pos","C20"
"00020502.txt","pos","C20"
"00020486.txt","pos","C20"
"00020513.txt","neg","C20"
"00020511.txt","neg","C20"
"00020516.txt","neg","C20"
"00020498.txt","pos","C20"
"00020490.txt","neg","C20"
"00020503.txt","pos","C20"
"00020507.txt","pos","C20"
"00020512.txt","pos","C20"
"00020489.txt","neg","C20"
"00020495.txt","pos","C20"
"00020522.txt","pos","C20"
"00020497.txt","pos","C20"
"00020510.txt","pos","C20"
"00020506.txt","pos","C20"
"00020483.txt","neg","C20"
"00020536.txt","pos","C20"
"00020557.txt","pos","C20"
"00020565.txt","pos","C20"
"00020568.txt","neg","C20"
"00023509.txt","pos","C20"
"00020550.txt","pos","C20"
"00020534.txt","pos","C20"
"00020539.txt","pos","C20"
"00020535.txt","neg","C20"
"00020560.txt","neg","C20"
"00020549.txt","pos","C20"
"00020532.txt","pos","C20"
"00020548.txt","pos","C20"
"00020555.txt","pos","C20"
"00020538.txt","pos","C20"
"00020551.txt","pos","C20"
"00020533.txt","pos","C20"
"00020554.txt","neg","C20"
"00020544.txt","pos","C20"
"00020531.txt","pos","C20"
"00020559.txt","pos","C20"
"00020542.txt","pos","C20"
"00023510.txt","pos","C20"
"00020566.txt","neg","C20"
"00020547.txt","pos","C20"
"00020558.txt","pos","C20"
"00020561.txt","pos","C20"
"00020540.txt","pos","C20"
"00023511.txt","pos","C20"
"00020541.txt","pos","C20"
"00020592.txt","pos","C20"
"00020607.txt","neg","C20"
"00020581.txt","neg","C20"
"00020609.txt","pos","C20"
"00020595.txt","pos","C20"
"00020604.txt","pos","C20"
"00020600.txt","neg","C20"
"00020603.txt","neg","C20"
"00020608.txt","pos","C20"
"00020572.txt","pos","C20"
"00020580.txt","pos","C20"
"00020589.txt","neg","C20"
"00020615.txt","neg","C20"
"00020613.txt","pos","C20"
"00020579.txt","pos","C20"
"00020586.txt","pos","C20"
"00020570.txt","pos","C20"
"00020577.txt","pos","C20"
"00020597.txt","neg","C20"
"00023514.txt","pos","C20"
"00020583.txt","pos","C20"
"00020578.txt","pos","C20"
"00020587.txt","neg","C20"
"00020573.txt","neg","C20"
"00020585.txt","neg","C20"
"00020584.txt","neg","C20"
"00020596.txt","pos","C20"
"00020616.txt","pos","C20"
"00023513.txt","neg","C20"
"00020599.txt","neg","C20"
"00020650.txt","neg","C20"
"00020658.txt","pos","C20"
"00020636.txt","neg","C20"
"00020629.txt","pos","C20"
"00020670.txt","neg","C20"
"00020620.txt","pos","C20"
"00020651.txt","pos","C20"
"00020634.txt","pos","C20"
"00020661.txt","neg","C20"
"00020642.txt","neg","C20"
"00023518.txt","pos","C20"
"00020626.txt","pos","C20"
"00020628.txt","pos","C20"
"00020664.txt","neg","C20"
"00020635.txt","pos","C20"
"00020663.txt","pos","C20"
"00023519.txt","neg","C20"
"00020644.txt","pos","C20"
"00020659.txt","neg","C20"
"00020619.txt","pos","C20"
"00020668.txt","pos","C20"
"00020623.txt","pos","C20"
"00020624.txt","neg","C20"
"00020667.txt","pos","C20"
"00020638.txt","pos","C20"
"00020660.txt","neg","C20"
"00020648.txt","neg","C20"
"00020657.txt","neg","C20"
"00020714.txt","neg","C20"
"00020690.txt","neg","C20"
"00020695.txt","pos","C20"
"00020686.txt","pos","C20"
"00020719.txt","pos","C20"
"00020700.txt","pos","C20"
"00020704.txt","pos","C20"
"00020708.txt","pos","C20"
"00020683.txt","pos","C20"
"00020710.txt","neg","C20"
"00020693.txt","pos","C20"
"00020687.txt","neg","C20"
"00020685.txt","neg","C20"
"00020673.txt","pos","C20"
"00020696.txt","neg","C20"
"00020705.txt","pos","C20"
"00020718.txt","pos","C20"
"00020711.txt","pos","C20"
"00020720.txt","pos","C20"
"00020678.txt","pos","C20"
"00023520.txt","pos","C20"
"00020689.txt","pos","C20"
"00020717.txt","pos","C20"
"00020712.txt","neg","C20"
"00020674.txt","neg","C20"
"00020703.txt","neg","C20"
"00020682.txt","pos","C20"
"00020672.txt","pos","C20"
"00020701.txt","pos","C20"
"00020675.txt","neg","C20"
"00020733.txt","neg","C20"
"00020768.txt","pos","C20"
"00020747.txt","pos","C20"
"00020741.txt","pos","C20"
"00020739.txt","pos","C20"
"00020726.txt","neg","C20"
"00020729.txt","pos","C20"
"00020730.txt","neg","C20"
"00020731.txt","pos","C20"
"00020740.txt","pos","C20"
"00020758.txt","pos","C20"
"00020745.txt","pos","C20"
"00020738.txt","pos","C20"
"00023526.txt","neg","C20"
"00020767.txt","pos","C20"
"00023525.txt","pos","C20"
"00020727.txt","pos","C20"
"00020728.txt","pos","C20"
"00020764.txt","pos","C20"
"00020766.txt","neg","C20"
"00020725.txt","neg","C20"
"00020735.txt","pos","C20"
"00020743.txt","pos","C20"
"00020737.txt","neg","C20"
"00020755.txt","neg","C20"
"00020760.txt","pos","C20"
"00020752.txt","pos","C20"
"00020759.txt","pos","C20"
"00020756.txt","pos","C20"
"00020732.txt","pos","C20"
"00020772.txt","pos","C20"
"00020791.txt","pos","C20"
"00020773.txt","neg","C20"
"00020802.txt","neg","C20"
"00020779.txt","pos","C20"
"00020787.txt","pos","C20"
"00020776.txt","pos","C20"
"00020785.txt","neg","C20"
"00023527.txt","neg","C20"
"00020786.txt","pos","C20"
"00020794.txt","neg","C20"
"00020789.txt","pos","C20"
"00020797.txt","neg","C20"
"00020806.txt","neg","C20"
"00020807.txt","neg","C20"
"00020771.txt","pos","C20"
"00020784.txt","neg","C20"
"00020805.txt","pos","C20"
"00023529.txt","pos","C20"
"00020798.txt","pos","C20"
"00020793.txt","pos","C20"
"00020780.txt","pos","C20"
"00023528.txt","neg","C20"
"00020801.txt","pos","C20"
"00020792.txt","pos","C20"
"00020783.txt","pos","C20"
"00020777.txt","pos","C20"
"00020778.txt","neg","C20"
"00020796.txt","neg","C20"
"00020769.txt","neg","C20"
"00023532.txt","neg","C20"
"00020820.txt","pos","C20"
"00020851.txt","pos","C20"
"00020836.txt","neg","C20"
"00020838.txt","pos","C20"
"00020854.txt","pos","C20"
"00020839.txt","pos","C20"
"00020824.txt","pos","C20"
"00020858.txt","pos","C20"
"00020853.txt","neg","C20"
"00020834.txt","neg","C20"
"00020810.txt","pos","C20"
"00020860.txt","pos","C20"
"00020813.txt","pos","C20"
"00020812.txt","pos","C20"
"00020817.txt","neg","C20"
"00020819.txt","neg","C20"
"00020844.txt","pos","C20"
"00020831.txt","pos","C20"
"00020849.txt","pos","C20"
"00020840.txt","neg","C20"
"00020843.txt","pos","C20"
"00020825.txt","pos","C20"
"00020850.txt","pos","C20"
"00020814.txt","neg","C20"
"00020861.txt","pos","C20"
"00020823.txt","pos","C20"
"00020808.txt","neg","C20"
"00020852.txt","neg","C20"
"00020811.txt","pos","C20"
"00020907.txt","pos","C20"
"00020933.txt","pos","C20"
"00020923.txt","neg","C20"
"00020908.txt","pos","C20"
"00020872.txt","pos","C20"
"00020904.txt","pos","C20"
"00020919.txt","neg","C20"
"00020880.txt","neg","C20"
"00020893.txt","pos","C20"
"00020902.txt","pos","C20"
"00020892.txt","pos","C20"
"00020868.txt","pos","C20"
"00020901.txt","neg","C20"
"00020882.txt","pos","C20"
"00020885.txt","pos","C20"
"00020915.txt","pos","C20"
"00020865.txt","neg","C20"
"00020887.txt","pos","C20"
"00020917.txt","pos","C20"
"00020866.txt","pos","C20"
"00020899.txt","pos","C20"
"00020875.txt","neg","C20"
"00020867.txt","pos","C20"
"00020912.txt","neg","C20"
"00023536.txt","pos","C20"
"00023537.txt","neg","C20"
"00020879.txt","pos","C20"
"00020884.txt","pos","C20"
"00020903.txt","neg","C20"
"00020948.txt","neg","C20"
"00023540.txt","neg","C20"
"00020981.txt","pos","C20"
"00020979.txt","pos","C20"
"00020974.txt","pos","C20"
"00021000.txt","neg","C20"
"00020984.txt","pos","C20"
"00020940.txt","pos","C20"
"00023541.txt","pos","C20"
"00020964.txt","pos","C20"
"00020934.txt","pos","C20"
"00020945.txt","pos","C20"
"00020957.txt","pos","C20"
"00020959.txt","pos","C20"
"00020942.txt","neg","C20"
"00020962.txt","neg","C20"
"00020968.txt","neg","C20"
"00020944.txt","pos","C20"
"00020947.txt","pos","C20"
"00020995.txt","pos","C20"
"00020937.txt","pos","C20"
"00020999.txt","pos","C20"
"00020986.txt","pos","C20"
"00020997.txt","pos","C20"
"00020988.txt","neg","C20"
"00020980.txt","pos","C20"
"00020955.txt","neg","C20"
"00020998.txt","pos","C20"
"00020961.txt","pos","C20"
"00020967.txt","pos","C20"
"00021058.txt","neg","C20"
"00021038.txt","neg","C20"
"00021041.txt","pos","C20"
"00021017.txt","pos","C20"
"00021006.txt","neg","C20"
"00021003.txt","neg","C20"
"00021019.txt","pos","C20"
"00021047.txt","pos","C20"
"00021039.txt","neg","C20"
"00021045.txt","neg","C20"
"00021031.txt","neg","C20"
"00021029.txt","pos","C20"
"00021008.txt","pos","C20"
"00021040.txt","pos","C20"
"00021075.txt","pos","C20"
"00021042.txt","pos","C20"
"00021020.txt","pos","C20"
"00021034.txt","neg","C20"
"00021018.txt","pos","C20"
"00021026.txt","pos","C20"
"00021027.txt","pos","C20"
"00021049.txt","neg","C20"
"00021005.txt","pos","C20"
"00021024.txt","pos","C20"
"00021070.txt","pos","C20"
"00021035.txt","pos","C20"
"00021054.txt","pos","C20"
"00021050.txt","neg","C20"
"00021021.txt","neg","C20"
"00021067.txt","neg","C20"
"00021112.txt","pos","C20"
"00021096.txt","pos","C20"
"00021122.txt","pos","C20"
"00021097.txt","neg","C20"
"00021110.txt","pos","C20"
"00021099.txt","pos","C20"
"00021134.txt","pos","C20"
"00021141.txt","pos","C20"
"00021103.txt","neg","C20"
"00021101.txt","pos","C20"
"00021109.txt","neg","C20"
"00021144.txt","pos","C20"
"00021119.txt","pos","C20"
"00021154.txt","pos","C20"
"00021136.txt","pos","C20"
"00021083.txt","pos","C20"
"00021127.txt","pos","C20"
"00021120.txt","pos","C20"
"00021130.txt","neg","C20"
"00023549.txt","pos","C20"
"00021081.txt","pos","C20"
"00021078.txt","pos","C20"
"00021151.txt","pos","C20"
"00021126.txt","pos","C20"
"00021105.txt","pos","C20"
"00021088.txt","pos","C20"
"00021121.txt","pos","C20"
"00021142.txt","pos","C20"
"00021135.txt","pos","C20"
"00021153.txt","neg","C20"
"00021167.txt","neg","C20"
"00021202.txt","neg","C20"
"00021204.txt","pos","C20"
"00021206.txt","neg","C20"
"00021187.txt","pos","C20"
"00023552.txt","pos","C20"
"00021230.txt","pos","C20"
"00021211.txt","neg","C20"
"00021165.txt","pos","C20"
"00021225.txt","pos","C20"
"00021201.txt","neg","C20"
"00021186.txt","neg","C20"
"00021196.txt","neg","C20"
"00021227.txt","neg","C20"
"00021217.txt","neg","C20"
"00021162.txt","neg","C20"
"00021166.txt","pos","C20"
"00021219.txt","neg","C20"
"00023551.txt","pos","C20"
"00021231.txt","pos","C20"
"00021184.txt","pos","C20"
"00021158.txt","neg","C20"
"00021182.txt","pos","C20"
"00021207.txt","pos","C20"
"00021223.txt","pos","C20"
"00021181.txt","pos","C20"
"00023550.txt","pos","C20"
"00021180.txt","pos","C20"
"00021210.txt","pos","C20"
"00021156.txt","pos","C20"
"00021240.txt","pos","C20"
"00021264.txt","pos","C20"
"00021237.txt","neg","C20"
"00021251.txt","neg","C20"
"00021257.txt","pos","C20"
"00023554.txt","neg","C20"
"00021262.txt","neg","C20"
"00021272.txt","neg","C20"
"00023555.txt","neg","C20"
"00021282.txt","pos","C20"
"00021292.txt","pos","C20"
"00021271.txt","pos","C20"
"00021284.txt","pos","C20"
"00021242.txt","neg","C20"
"00021247.txt","pos","C20"
"00021236.txt","neg","C20"
"00021253.txt","neg","C20"
"00021243.txt","neg","C20"
"00021278.txt","pos","C20"
"00021281.txt","pos","C20"
"00021293.txt","neg","C20"
"00021276.txt","pos","C20"
"00021273.txt","neg","C20"
"00021232.txt","pos","C20"
"00021241.txt","neg","C20"
"00021266.txt","pos","C20"
"00021235.txt","neg","C20"
"00021294.txt","neg","C20"
"00021283.txt","neg","C20"
"00023556.txt","pos","C20"
"00021365.txt","neg","C20"
"00021323.txt","pos","C20"
"00021312.txt","pos","C20"
"00021338.txt","pos","C20"
"00021347.txt","neg","C20"
"00021359.txt","pos","C20"
"00021335.txt","neg","C20"
"00023559.txt","pos","C20"
"00021366.txt","pos","C20"
"00021299.txt","pos","C20"
"00021361.txt","pos","C20"
"00021375.txt","pos","C20"
"00021350.txt","neg","C20"
"00021328.txt","neg","C20"
"00021344.txt","pos","C20"
"00021378.txt","pos","C20"
"00021309.txt","pos","C20"
"00021372.txt","pos","C20"
"00021374.txt","pos","C20"
"00021302.txt","pos","C20"
"00021314.txt","pos","C20"
"00021300.txt","neg","C20"
"00021362.txt","neg","C20"
"00021317.txt","neg","C20"
"00021320.txt","pos","C20"
"00021364.txt","pos","C20"
"00021358.txt","pos","C20"
"00021341.txt","neg","C20"
"00021332.txt","pos","C20"
"00021305.txt","neg","C20"
"00021486.txt","pos","C20"
"00023562.txt","neg","C20"
"00021424.txt","neg","C20"
"00021417.txt","pos","C20"
"00021392.txt","neg","C20"
"00021451.txt","pos","C20"
"00021423.txt","neg","C20"
"00021443.txt","neg","C20"
"00021430.txt","neg","C20"
"00021454.txt","pos","C20"
"00021445.txt","neg","C20"
"00021459.txt","pos","C20"
"00021401.txt","pos","C20"
"00021438.txt","pos","C20"
"00021406.txt","pos","C20"
"00021481.txt","pos","C20"
"00021415.txt","pos","C20"
"00021442.txt","neg","C20"
"00021453.txt","pos","C20"
"00021460.txt","pos","C20"
"00021405.txt","neg","C20"
"00021483.txt","neg","C20"
"00021448.txt","pos","C20"
"00021404.txt","neg","C20"
"00021464.txt","pos","C20"
"00021435.txt","pos","C20"
"00021388.txt","pos","C20"
"00021419.txt","pos","C20"
"00021447.txt","neg","C20"
"00021554.txt","pos","C20"
"00021566.txt","pos","C20"
"00021576.txt","neg","C20"
"00021545.txt","pos","C20"
"00021547.txt","neg","C20"
"00021525.txt","pos","C20"
"00021540.txt","pos","C20"
"00021528.txt","pos","C20"
"00021517.txt","pos","C20"
"00021530.txt","pos","C20"
"00021589.txt","pos","C20"
"00021538.txt","pos","C20"
"00021587.txt","pos","C20"
"00021520.txt","pos","C20"
"00021497.txt","pos","C20"
"00021512.txt","neg","C20"
"00021583.txt","pos","C20"
"00021573.txt","neg","C20"
"00021496.txt","neg","C20"
"00021494.txt","neg","C20"
"00021578.txt","pos","C20"
"00021549.txt","neg","C20"
"00021516.txt","pos","C20"
"00021519.txt","pos","C20"
"00021561.txt","pos","C20"
"00021557.txt","pos","C20"
"00021501.txt","pos","C20"
"00021507.txt","pos","C20"
"00021499.txt","pos","C20"
"00021518.txt","pos","C20"
"00021685.txt","neg","C20"
"00021624.txt","neg","C20"
"00021668.txt","pos","C20"
"00021635.txt","neg","C20"
"00021602.txt","pos","C20"
"00021669.txt","pos","C20"
"00021656.txt","pos","C20"
"00021595.txt","pos","C20"
"00021675.txt","pos","C20"
"00021619.txt","pos","C20"
"00021638.txt","neg","C20"
"00021640.txt","pos","C20"
"00021652.txt","pos","C20"
"00021634.txt","pos","C20"
"00021626.txt","pos","C20"
"00021682.txt","neg","C20"
"00021663.txt","neg","C20"
"00023572.txt","pos","C20"
"00021625.txt","pos","C20"
"00021606.txt","pos","C20"
"00021644.txt","pos","C20"
"00021596.txt","pos","C20"
"00021620.txt","pos","C20"
"00021598.txt","pos","C20"
"00021617.txt","pos","C20"
"00021653.txt","pos","C20"
"00021636.txt","pos","C20"
"00023569.txt","neg","C20"
"00021741.txt","pos","C20"
"00021754.txt","neg","C20"
"00021750.txt","pos","C20"
"00021698.txt","pos","C20"
"00021777.txt","pos","C20"
"00021785.txt","pos","C20"
"00021720.txt","pos","C20"
"00021784.txt","pos","C20"
"00021803.txt","neg","C20"
"00021763.txt","pos","C20"
"00021756.txt","pos","C20"
"00021706.txt","pos","C20"
"00021745.txt","pos","C20"
"00023576.txt","pos","C20"
"00021776.txt","neg","C20"
"00021691.txt","neg","C20"
"00021775.txt","pos","C20"
"00021772.txt","pos","C20"
"00021725.txt","pos","C20"
"00021687.txt","pos","C20"
"00021699.txt","neg","C20"
"00021695.txt","pos","C20"
"00021721.txt","neg","C20"
"00021722.txt","pos","C20"
"00021732.txt","pos","C20"
"00021762.txt","pos","C20"
"00021748.txt","pos","C20"
"00021714.txt","neg","C20"
"00021746.txt","neg","C20"
"00021701.txt","pos","C20"
"00021807.txt","pos","C20"
"00021818.txt","pos","C20"
"00021889.txt","pos","C20"
"00021904.txt","pos","C20"
"00021865.txt","pos","C20"
"00021858.txt","pos","C20"
"00021907.txt","neg","C20"
"00021884.txt","pos","C20"
"00021816.txt","pos","C20"
"00021809.txt","pos","C20"
"00021821.txt","pos","C20"
"00021864.txt","neg","C20"
"00021902.txt","pos","C20"
"00021819.txt","neg","C20"
"00021870.txt","pos","C20"
"00021831.txt","pos","C20"
"00021833.txt","pos","C20"
"00021848.txt","pos","C20"
"00021908.txt","neg","C20"
"00021869.txt","neg","C20"
"00021868.txt","pos","C20"
"00021915.txt","pos","C20"
"00021832.txt","pos","C20"
"00021862.txt","pos","C20"
"00021835.txt","pos","C20"
"00021881.txt","neg","C20"
"00021838.txt","pos","C20"
"00021836.txt","pos","C20"
"00021823.txt","pos","C20"
"00021859.txt","pos","C20"
"00021944.txt","pos","C20"
"00021935.txt","pos","C20"
"00022020.txt","neg","C20"
"00021931.txt","neg","C20"
"00021995.txt","pos","C20"
"00021933.txt","pos","C20"
"00022029.txt","neg","C20"
"00021948.txt","pos","C20"
"00021918.txt","neg","C20"
"00022031.txt","pos","C20"
"00021922.txt","neg","C20"
"00022001.txt","pos","C20"
"00021932.txt","pos","C20"
"00021936.txt","pos","C20"
"00021968.txt","pos","C20"
"00021924.txt","pos","C20"
"00021942.txt","pos","C20"
"00023581.txt","pos","C20"
"00022011.txt","neg","C20"
"00022002.txt","pos","C20"
"00022026.txt","neg","C20"
"00021937.txt","pos","C20"
"00021919.txt","pos","C20"
"00021993.txt","pos","C20"
"00021987.txt","pos","C20"
"00021998.txt","pos","C20"
"00022006.txt","pos","C20"
"00021920.txt","neg","C20"
"00023583.txt","neg","C20"
"00021971.txt","neg","C20"
"00022042.txt","neg","C20"
"00022081.txt","pos","C20"
"00022079.txt","neg","C20"
"00022110.txt","pos","C20"
"00022091.txt","pos","C20"
"00022129.txt","pos","C20"
"00022090.txt","neg","C20"
"00022037.txt","pos","C20"
"00022086.txt","pos","C20"
"00022126.txt","neg","C20"
"00022057.txt","pos","C20"
"00022146.txt","pos","C20"
"00022038.txt","pos","C20"
"00022055.txt","neg","C20"
"00022077.txt","pos","C20"
"00022073.txt","pos","C20"
"00022100.txt","pos","C20"
"00022087.txt","pos","C20"
"00022053.txt","pos","C20"
"00022071.txt","pos","C20"
"00022099.txt","neg","C20"
"00022102.txt","neg","C20"
"00022143.txt","neg","C20"
"00022050.txt","pos","C20"
"00022052.txt","neg","C20"
"00022062.txt","pos","C20"
"00022082.txt","pos","C20"
"00022127.txt","pos","C20"
"00022137.txt","pos","C20"
"00022068.txt","neg","C20"
"00022233.txt","pos","C20"
"00022193.txt","pos","C20"
"00022198.txt","neg","C20"
"00022158.txt","pos","C20"
"00022175.txt","pos","C20"
"00022284.txt","neg","C20"
"00022236.txt","pos","C20"
"00022239.txt","pos","C20"
"00022230.txt","pos","C20"
"00022215.txt","neg","C20"
"00022283.txt","pos","C20"
"00022213.txt","neg","C20"
"00023592.txt","neg","C20"
"00022235.txt","pos","C20"
"00022181.txt","pos","C20"
"00022290.txt","pos","C20"
"00022152.txt","pos","C20"
"00022196.txt","pos","C20"
"00023591.txt","pos","C20"
"00022220.txt","pos","C20"
"00022260.txt","pos","C20"
"00022159.txt","pos","C20"
"00022271.txt","neg","C20"
"00022194.txt","pos","C20"
"00022166.txt","pos","C20"
"00022262.txt","pos","C20"
"00022256.txt","pos","C20"
"00022219.txt","pos","C20"
"00022274.txt","pos","C20"
"00022278.txt","pos","C20"
"00022332.txt","pos","C20"
"00022355.txt","pos","C20"
"00022448.txt","pos","C20"
"00022373.txt","pos","C20"
"00022399.txt","pos","C20"
"00022410.txt","neg","C20"
"00022365.txt","pos","C20"
"00023593.txt","pos","C20"
"00022356.txt","pos","C20"
"00022300.txt","neg","C20"
"00022335.txt","pos","C20"
"00022431.txt","pos","C20"
"00022299.txt","neg","C20"
"00022375.txt","pos","C20"
"00022443.txt","pos","C20"
"00022426.txt","pos","C20"
"00022322.txt","pos","C20"
"00022440.txt","pos","C20"
"00022333.txt","pos","C20"
"00022432.txt","neg","C20"
"00022350.txt","pos","C20"
"00022366.txt","neg","C20"
"00022398.txt","pos","C20"
"00022296.txt","pos","C20"
"00022343.txt","pos","C20"
"00022346.txt","pos","C20"
"00022339.txt","pos","C20"
"00022364.txt","pos","C20"
"00022385.txt","neg","C20"
"00022318.txt","pos","C20"
"00022543.txt","pos","C20"
"00022557.txt","pos","C20"
"00022589.txt","neg","C20"
"00022497.txt","pos","C20"
"00023599.txt","neg","C20"
"00022527.txt","pos","C20"
"00022570.txt","neg","C20"
"00022603.txt","neg","C20"
"00022493.txt","pos","C20"
"00022602.txt","pos","C20"
"00022496.txt","pos","C20"
"00022458.txt","pos","C20"
"00022591.txt","pos","C20"
"00022500.txt","neg","C20"
"00022579.txt","neg","C20"
"00022550.txt","pos","C20"
"00022506.txt","neg","C20"
"00022517.txt","pos","C20"
"00022565.txt","pos","C20"
"00022499.txt","pos","C20"
"00022487.txt","pos","C20"
"00022504.txt","pos","C20"
"00022596.txt","pos","C20"
"00022519.txt","neg","C20"
"00022594.txt","pos","C20"
"00022532.txt","pos","C20"
"00022476.txt","pos","C20"
"00022562.txt","pos","C20"
"00022587.txt","pos","C20"
"00022488.txt","neg","C20"
"00022798.txt","pos","C20"
"00022765.txt","pos","C20"
"00022753.txt","pos","C20"
"00022649.txt","neg","C20"
"00022623.txt","neg","C20"
"00022755.txt","pos","C20"
"00022751.txt","pos","C20"
"00022790.txt","pos","C20"
"00022784.txt","pos","C20"
"00022716.txt","pos","C20"
"00022750.txt","neg","C20"
"00022694.txt","pos","C20"
"00022658.txt","pos","C20"
"00022714.txt","pos","C20"
"00022678.txt","pos","C20"
"00022630.txt","pos","C20"
"00022781.txt","pos","C20"
"00022772.txt","pos","C20"
"00022705.txt","pos","C20"
"00022669.txt","pos","C20"
"00022617.txt","pos","C20"
"00022774.txt","neg","C20"
"00022778.txt","pos","C20"
"00022780.txt","pos","C20"
"00022793.txt","pos","C20"
"00022686.txt","neg","C20"
"00022718.txt","neg","C20"
"00022643.txt","pos","C20"
"00022665.txt","pos","C20"
"00022701.txt","pos","C20"
"00023002.txt","pos","C20"
"00022821.txt","pos","C20"
"00022907.txt","pos","C20"
"00022977.txt","pos","C20"
"00022840.txt","pos","C20"
"00022970.txt","pos","C20"
"00022849.txt","neg","C20"
"00022871.txt","neg","C20"
"00022953.txt","pos","C20"
"00022930.txt","pos","C20"
"00022971.txt","neg","C20"
"00022830.txt","pos","C20"
"00022929.txt","pos","C20"
"00022946.txt","neg","C20"
"00022959.txt","pos","C20"
"00022876.txt","pos","C20"
"00023016.txt","pos","C20"
"00022933.txt","pos","C20"
"00022861.txt","pos","C20"
"00022889.txt","neg","C20"
"00022866.txt","pos","C20"
"00022967.txt","neg","C20"
"00022898.txt","pos","C20"
"00022833.txt","pos","C20"
"00022922.txt","pos","C20"
"00022869.txt","pos","C20"
"00022932.txt","pos","C20"
"00022985.txt","pos","C20"
"00022944.txt","pos","C20"
"00023007.txt","neg","C20"
"00023031.txt","pos","C20"
"00023132.txt","pos","C20"
"00023023.txt","pos","C20"
"00023075.txt","pos","C20"
"00023211.txt","pos","C20"
"00023062.txt","neg","C20"
"00023084.txt","pos","C20"
"00023102.txt","pos","C20"
"00023201.txt","pos","C20"
"00023089.txt","neg","C20"
"00023198.txt","pos","C20"
"00023136.txt","pos","C20"
"00023109.txt","neg","C20"
"00023165.txt","pos","C20"
"00023116.txt","pos","C20"
"00023204.txt","pos","C20"
"00023213.txt","neg","C20"
"00023124.txt","pos","C20"
"00023234.txt","neg","C20"
"00023030.txt","pos","C20"
"00023064.txt","pos","C20"
"00023040.txt","neg","C20"
"00023121.txt","pos","C20"
"00023103.txt","pos","C20"
"00023138.txt","pos","C20"
"00023182.txt","pos","C20"
"00023114.txt","neg","C20"
"00023233.txt","neg","C20"
"00023147.txt","pos","C20"
"00023205.txt","pos","C20"
"00023375.txt","pos","C20"
"00023317.txt","pos","C20"
"00023420.txt","pos","C20"
"00023415.txt","pos","C20"
"00023278.txt","pos","C20"
"00023248.txt","pos","C20"
"00023400.txt","pos","C20"
"00023254.txt","pos","C20"
"00023349.txt","pos","C20"
"00023451.txt","pos","C20"
"00023337.txt","neg","C20"
"00023365.txt","pos","C20"
"00023441.txt","pos","C20"
"00023429.txt","pos","C20"
"00023289.txt","neg","C20"
"00023401.txt","neg","C20"
"00023334.txt","pos","C20"
"00023360.txt","pos","C20"
"00023284.txt","pos","C20"
"00023447.txt","pos","C20"
"00023393.txt","pos","C20"
"00023378.txt","pos","C20"
"00023298.txt","pos","C20"
"00023432.txt","pos","C20"
"00023458.txt","neg","C20"
"00023366.txt","neg","C20"
"00023316.txt","pos","C20"
"00023407.txt","neg","C20"
"00023319.txt","pos","C20"
"00023261.txt","pos","C20"
"00023692.txt","pos","C20"
"00023617.txt","neg","C20"
"00023724.txt","pos","C20"
"00023629.txt","pos","C20"
"00025270.txt","pos","C20"
"00025247.txt","neg","C20"
"00023710.txt","neg","C20"
"00023738.txt","neg","C20"
"00025249.txt","pos","C20"
"00025276.txt","neg","C20"
"00023655.txt","pos","C20"
"00023666.txt","pos","C20"
"00023634.txt","pos","C20"
"00023640.txt","pos","C20"
"00023616.txt","pos","C20"
"00023702.txt","pos","C20"
"00025246.txt","pos","C20"
"00023713.txt","pos","C20"
"00023676.txt","neg","C20"
"00023739.txt","neg","C20"
"00025259.txt","pos","C20"
"00023704.txt","pos","C20"
"00023691.txt","pos","C20"
"00025258.txt","neg","C20"
"00023725.txt","neg","C20"
"00025273.txt","pos","C20"
"00025251.txt","pos","C20"
"00023652.txt","pos","C20"
"00023690.txt","pos","C20"
"00023858.txt","pos","C20"
"00025328.txt","pos","C20"
"00023767.txt","neg","C20"
"00023796.txt","pos","C20"
"00023875.txt","neg","C20"
"00025319.txt","neg","C20"
"00025340.txt","pos","C20"
"00023816.txt","pos","C20"
"00023789.txt","pos","C20"
"00023821.txt","pos","C20"
"00023787.txt","pos","C20"
"00023813.txt","pos","C20"
"00025310.txt","pos","C20"
"00023801.txt","neg","C20"
"00025350.txt","pos","C20"
"00023844.txt","pos","C20"
"00023865.txt","pos","C20"
"00025292.txt","pos","C20"
"00025341.txt","pos","C20"
"00023860.txt","pos","C20"
"00023803.txt","pos","C20"
"00023772.txt","pos","C20"
"00023854.txt","pos","C20"
"00023780.txt","neg","C20"
"00023845.txt","pos","C20"
"00023846.txt","pos","C20"
"00023872.txt","pos","C20"
"00025322.txt","pos","C20"
"00023776.txt","pos","C20"
"00023779.txt","pos","C20"
"00023878.txt","pos","C20"
"00025391.txt","pos","C20"
"00023889.txt","pos","C20"
"00025396.txt","neg","C20"
"00023876.txt","pos","C20"
"00025376.txt","pos","C20"
"00025430.txt","pos","C20"
"00023973.txt","pos","C20"
"00025379.txt","neg","C20"
"00025382.txt","pos","C20"
"00025433.txt","pos","C20"
"00025431.txt","pos","C20"
"00025385.txt","neg","C20"
"00025405.txt","neg","C20"
"00023928.txt","pos","C20"
"00023906.txt","pos","C20"
"00025395.txt","pos","C20"
"00025427.txt","pos","C20"
"00025425.txt","pos","C20"
"00025404.txt","neg","C20"
"00023976.txt","neg","C20"
"00025368.txt","pos","C20"
"00025420.txt","pos","C20"
"00023956.txt","pos","C20"
"00023980.txt","pos","C20"
"00023901.txt","pos","C20"
"00023888.txt","pos","C20"
"00023951.txt","pos","C20"
"00025378.txt","pos","C20"
"00023914.txt","pos","C20"
"00024106.txt","neg","C20"
"00025484.txt","neg","C20"
"00025450.txt","pos","C20"
"00024088.txt","pos","C20"
"00024055.txt","pos","C20"
"00025525.txt","pos","C20"
"00025487.txt","neg","C20"
"00024040.txt","pos","C20"
"00025438.txt","pos","C20"
"00025465.txt","pos","C20"
"00025521.txt","neg","C20"
"00024036.txt","pos","C20"
"00024026.txt","pos","C20"
"00024110.txt","pos","C20"
"00024017.txt","pos","C20"
"00024118.txt","pos","C20"
"00025475.txt","pos","C20"
"00024013.txt","pos","C20"
"00025459.txt","neg","C20"
"00024028.txt","pos","C20"
"00024058.txt","pos","C20"
"00024073.txt","pos","C20"
"00025507.txt","pos","C20"
"00025436.txt","pos","C20"
"00024080.txt","neg","C20"
"00025483.txt","neg","C20"
"00024103.txt","pos","C20"
"00024102.txt","pos","C20"
"00024023.txt","pos","C20"
"00024066.txt","neg","C20"
"00024218.txt","pos","C20"
"00025540.txt","neg","C20"
"00024259.txt","pos","C20"
"00024257.txt","pos","C20"
"00024191.txt","neg","C20"
"00024243.txt","pos","C20"
"00025593.txt","pos","C20"
"00024186.txt","pos","C20"
"00024183.txt","pos","C20"
"00024233.txt","pos","C20"
"00024177.txt","pos","C20"
"00024253.txt","pos","C20"
"00025533.txt","neg","C20"
"00025609.txt","pos","C20"
"00024139.txt","pos","C20"
"00024144.txt","neg","C20"
"00025564.txt","pos","C20"
"00025625.txt","pos","C20"
"00024216.txt","pos","C20"
"00024178.txt","pos","C20"
"00024205.txt","pos","C20"
"00025594.txt","pos","C20"
"00024222.txt","neg","C20"
"00024209.txt","pos","C20"
"00024206.txt","neg","C20"
"00024169.txt","neg","C20"
"00024203.txt","pos","C20"
"00024147.txt","neg","C20"
"00025565.txt","pos","C20"
"00025537.txt","pos","C20"
"00024402.txt","pos","C20"
"00024271.txt","pos","C20"
"00025676.txt","pos","C20"
"00025726.txt","pos","C20"
"00024378.txt","pos","C20"
"00024323.txt","pos","C20"
"00025698.txt","neg","C20"
"00024355.txt","pos","C20"
"00024329.txt","pos","C20"
"00024342.txt","neg","C20"
"00024335.txt","neg","C20"
"00024290.txt","neg","C20"
"00024408.txt","pos","C20"
"00024336.txt","pos","C20"
"00024434.txt","neg","C20"
"00024427.txt","pos","C20"
"00025672.txt","pos","C20"
"00025711.txt","neg","C20"
"00024337.txt","pos","C20"
"00024390.txt","pos","C20"
"00024313.txt","pos","C20"
"00024364.txt","pos","C20"
"00025723.txt","pos","C20"
"00024363.txt","pos","C20"
"00024338.txt","pos","C20"
"00025659.txt","pos","C20"
"00024366.txt","neg","C20"
"00025687.txt","pos","C20"
"00025703.txt","pos","C20"
"00025696.txt","neg","C20"
"00024541.txt","neg","C20"
"00025782.txt","pos","C20"
"00024560.txt","pos","C20"
"00024444.txt","neg","C20"
"00024490.txt","pos","C20"
"00024459.txt","pos","C20"
"00025821.txt","neg","C20"
"00024504.txt","pos","C20"
"00024595.txt","pos","C20"
"00024447.txt","pos","C20"
"00024540.txt","neg","C20"
"00024534.txt","pos","C20"
"00025760.txt","pos","C20"
"00025745.txt","pos","C20"
"00024501.txt","pos","C20"
"00024452.txt","neg","C20"
"00024518.txt","pos","C20"
"00025774.txt","pos","C20"
"00024598.txt","pos","C20"
"00024522.txt","pos","C20"
"00024600.txt","neg","C20"
"00025798.txt","pos","C20"
"00024460.txt","pos","C20"
"00025767.txt","pos","C20"
"00024527.txt","pos","C20"
"00024521.txt","pos","C20"
"00024580.txt","pos","C20"
"00025750.txt","pos","C20"
"00024544.txt","neg","C20"
"00024475.txt","pos","C20"
"00024730.txt","pos","C20"
"00025925.txt","neg","C20"
"00025937.txt","pos","C20"
"00025933.txt","pos","C20"
"00025858.txt","pos","C20"
"00024759.txt","pos","C20"
"00025953.txt","neg","C20"
"00024689.txt","pos","C20"
"00024652.txt","pos","C20"
"00024790.txt","neg","C20"
"00025888.txt","pos","C20"
"00024608.txt","neg","C20"
"00025841.txt","neg","C20"
"00024627.txt","pos","C20"
"00025854.txt","neg","C20"
"00024725.txt","pos","C20"
"00024645.txt","pos","C20"
"00025921.txt","neg","C20"
"00024603.txt","pos","C20"
"00024736.txt","pos","C20"
"00024642.txt","neg","C20"
"00024702.txt","neg","C20"
"00024775.txt","neg","C20"
"00025857.txt","pos","C20"
"00024799.txt","pos","C20"
"00024615.txt","pos","C20"
"00024614.txt","pos","C20"
"00025892.txt","pos","C20"
"00024770.txt","neg","C20"
"00025928.txt","pos","C20"
"00024855.txt","pos","C20"
"00024870.txt","pos","C20"
"00025992.txt","neg","C20"
"00025985.txt","pos","C20"
"00024954.txt","pos","C20"
"00025971.txt","pos","C20"
"00026040.txt","pos","C20"
"00024902.txt","pos","C20"
"00024983.txt","pos","C20"
"00026049.txt","pos","C20"
"00024985.txt","neg","C20"
"00024920.txt","pos","C20"
"00026025.txt","pos","C20"
"00026043.txt","neg","C20"
"00026055.txt","pos","C20"
"00024882.txt","neg","C20"
"00026057.txt","neg","C20"
"00024974.txt","pos","C20"
"00025997.txt","pos","C20"
"00024941.txt","neg","C20"
"00026020.txt","pos","C20"
"00024841.txt","neg","C20"
"00024969.txt","neg","C20"
"00024951.txt","pos","C20"
"00026028.txt","pos","C20"
"00024912.txt","pos","C20"
"00024972.txt","neg","C20"
"00024812.txt","pos","C20"
"00024995.txt","pos","C20"
"00026038.txt","neg","C20"
"00025150.txt","pos","C20"
"00025204.txt","pos","C20"
"00025060.txt","pos","C20"
"00026158.txt","pos","C20"
"00025205.txt","pos","C20"
"00026145.txt","pos","C20"
"00025130.txt","pos","C20"
"00025153.txt","pos","C20"
"00025165.txt","neg","C20"
"00025128.txt","pos","C20"
"00025027.txt","neg","C20"
"00026185.txt","pos","C20"
"00026219.txt","neg","C20"
"00025193.txt","pos","C20"
"00026206.txt","pos","C20"
"00025064.txt","pos","C20"
"00026213.txt","pos","C20"
"00025171.txt","pos","C20"
"00025076.txt","pos","C20"
"00026130.txt","neg","C20"
"00026131.txt","pos","C20"
"00026174.txt","neg","C20"
"00025149.txt","pos","C20"
"00025073.txt","neg","C20"
"00025132.txt","pos","C20"
"00026113.txt","neg","C20"
"00026214.txt","pos","C20"
"00025033.txt","pos","C20"
"00026105.txt","neg","C20"
"00026122.txt","pos","C20"
"Chadwyck_British_1839_Ainsworth_JackSheppardA.txt","pos","C19"
"Chadwyck_American_1873_Alcott_WorkAStory.txt","neg","C19"
"Chadwyck_American_1865_Alcott_Moods1865.txt","neg","C19"
"Chadwyck_American_1874_Aldrich_PrudencePalfreyA.txt","pos","C19"
"Chadwyck_American_1873_Aldrich_MarjorieDawand.txt","neg","C19"
"Chadwyck_American_1862_Aldrich_OutofHis.txt","neg","C19"
"Chadwyck_American_1857_Aldrich_DaisyNecklaceand.txt","pos","C19"
"Chadwyck_British_1895_Allen_TheWomanWho.txt","pos","C19"
"Chadwyck_American_1841_Allston_MonaldiATale.txt","pos","C19"
"Chadwyck_British_1818_Austen_NorthangerAbbeyand.txt","neg","C19"
"Chadwyck_British_1818_Austen_PersuasionBythe.txt","pos","C19"
"Chadwyck_British_1816_Austen_EmmaANovel.txt","pos","C19"
"Chadwyck_British_1814_Austen_MansfieldParkA.txt","neg","C19"
"Chadwyck_British_1813_Austen_PrideandPrejudice.txt","neg","C19"
"Chadwyck_British_1811_Austen_SenseandSensibility.txt","neg","C19"
"Chadwyck_American_1870_Austin_TheShadowof.txt","pos","C19"
"Chadwyck_American_1869_Austin_CipheraRomance.txt","neg","C19"
"Chadwyck_American_1867_Austin_Outpost1867.txt","pos","C19"
"Chadwyck_American_1865_Austin_DoraDarlingthe.txt","neg","C19"
"Chadwyck_American_1831_Bacon_Talesofthe.txt","pos","C19"
"Chadwyck_American_1874_Bagby_WhatIdid.txt","pos","C19"
"Chadwyck_British_1796_Bage_HermsprongorMan.txt","neg","C19"
"Chadwyck_British_1792_Bage_ManAsHe.txt","pos","C19"
"Chadwyck_British_1858_Ballantyne_TheCoralIsland.txt","pos","C19"
"Chadwyck_British_1892_Baring_InTheRoar.txt","pos","C19"
"Chadwyck_British_1814_Barrett_TheHeroineOr.txt","neg","C19"
"Chadwyck_British_1887_Barry_TheNewAntigone.txt","pos","C19"
"Chadwyck_British_1786_Beckford_VathekTranslatedfrom.txt","pos","C19"
"Chadwyck_American_1792_Belknap_TheForestersan.txt","pos","C19"
"Chadwyck_British_1850_Bell_TheLadderof.txt","pos","C19"
"Chadwyck_American_1868_Bennett_ThePhantomof.txt","pos","C19"
"Chadwyck_American_1857_Bennett_TheBorderRover.txt","neg","C19"
"Chadwyck_American_1855_Bennett_EllenNorburyor.txt","neg","C19"
"Chadwyck_American_1853_Bennett_ClaraMorelandor.txt","neg","C19"
"Chadwyck_American_1852_Bennett_ViolaorAdventures.txt","pos","C19"
"Chadwyck_American_1852_Bennett_Walde-WarrenaTale.txt","neg","C19"
"Chadwyck_American_1851_Bennett_RosalieDuPont.txt","neg","C19"
"Chadwyck_American_1851_Bennett_TheLeagueof.txt","neg","C19"
"Chadwyck_American_1851_Bennett_ThePioneerDaughter.txt","neg","C19"
"Chadwyck_American_1850_Bennett_OliverGoldfinchor.txt","neg","C19"
"Chadwyck_American_1849_Bennett_Leni-LeotiorAdventures.txt","pos","C19"
"Chadwyck_American_1848_Bennett_KateClarendonor.txt","pos","C19"
"Chadwyck_American_1848_Bennett_TheRenegadeA.txt","pos","C19"
"Chadwyck_American_1848_Bennett_TheTrapperBride.txt","pos","C19"
"Chadwyck_American_1847_Bennett_TheBanditsof.txt","pos","C19"
"Chadwyck_British_1884_Besant_DorothyForstera.txt","pos","C19"
"Chadwyck_American_1839_Bird_TheAdventuresof.txt","pos","C19"
"Chadwyck_American_1838_Bird_PeterPilgrimor.txt","neg","C19"
"Chadwyck_American_1836_Bird_SheppardLeevolume.txt","neg","C19"
"Chadwyck_American_1835_Bird_TheHawksof.txt","pos","C19"
"Chadwyck_American_1835_Bird_TheInfidelor.txt","pos","C19"
"Chadwyck_American_1834_Bird_CalavarorThe.txt","pos","C19"
"Chadwyck_British_1871_Black_ADaughterof.txt","neg","C19"
"Chadwyck_British_1869_Blackmore_LornaDoonea.txt","pos","C19"
"Chadwyck_American_1793_Brackenridge_ModernChivalryContaining.txt","neg","C19"
"Chadwyck_British_1862_Braddon_LadyAudleySecret.txt","pos","C19"
"Chadwyck_American_1843_Briggs_BankruptStoriesEdited.txt","neg","C19"
"Chadwyck_American_1839_Briggs_TheAdventuresof.txt","pos","C19"
"Chadwyck_British_1857_Bronte_TheProfessorA.txt","neg","C19"
"Chadwyck_British_1853_Bronte_VilletteByCurrer.txt","neg","C19"
"Chadwyck_British_1849_Bronte_ShirleyATale.txt","pos","C19"
"Chadwyck_British_1848_Bronte_TheTenantof.txt","neg","C19"
"Chadwyck_British_1847_Bronte_AgnesGreyA.txt","pos","C19"
"Chadwyck_British_1847_Bronte_JaneEyreAn.txt","pos","C19"
"Chadwyck_British_1847_Bronte_WutheringHeightsA.txt","pos","C19"
"Chadwyck_American_1843_Brooks_Idomenorthe.txt","neg","C19"
"Chadwyck_British_1883_Broughton_BelindaANovel.txt","pos","C19"
"Chadwyck_American_1864_Brown_ClotelleATale.txt","neg","C19"
"Chadwyck_American_1801_Brown_ClaraHowardIn.txt","pos","C19"
"Chadwyck_American_1801_Brown_JaneTalbot.txt","pos","C19"
"Chadwyck_American_1800_Brown_ArthurMervynor.txt","pos","C19"
"Chadwyck_American_1799_Brown_EdgarHuntlyvolume.txt","neg","C19"
"Chadwyck_American_1799_Brown_OrmondorThe.txt","neg","C19"
"Chadwyck_American_1789_Brown_ThePowerof.txt","neg","C19"
"Chadwyck_British_1810_Brunton_Self-ControlANovel.txt","pos","C19"
"Chadwyck_British_1886_Burnett_LittleLordFauntleroy.txt","neg","C19"
"Chadwyck_British_1814_Burney_TheWandereror.txt","neg","C19"
"Chadwyck_British_1796_Burney_CamillaorA.txt","neg","C19"
"Chadwyck_British_1782_Burney_CeciliaorMemoirs.txt","neg","C19"
"Chadwyck_British_1872_Butler_ErewhonorOver.txt","neg","C19"
"Chadwyck_American_1833_Calvert_AVolumefrom.txt","pos","C19"
"Chadwyck_American_1845_Caruthers_TheKnightsof.txt","neg","C19"
"Chadwyck_American_1835_Caruthers_TheCavaliersof.txt","pos","C19"
"Chadwyck_American_1834_Caruthers_TheKentuckianin.txt","pos","C19"
"Chadwyck_American_1867_Cary_TheBishopSon.txt","neg","C19"
"Chadwyck_American_1859_Cary_TheAdoptedDaughter.txt","pos","C19"
"Chadwyck_American_1856_Cary_MarriedNotmated.txt","pos","C19"
"Chadwyck_American_1852_Cary_HagaraStory.txt","neg","C19"
"Chadwyck_American_1875_Catherwood_AWomanin.txt","neg","C19"
"Chadwyck_British_1864_Charles_ChroniclesOfThe.txt","pos","C19"
"Chadwyck_American_1867_Child_ARomanceof.txt","pos","C19"
"Chadwyck_American_1825_Child_TheRebelsor.txt","neg","C19"
"Chadwyck_American_1844_Clark_TheLiteraryRemains.txt","pos","C19"
"Chadwyck_British_1897_Coleridge_TheKingwith.txt","pos","C19"
"Chadwyck_British_1870_Collins_ManandWife.txt","pos","C19"
"Chadwyck_British_1868_Collins_TheMoonstoneA.txt","pos","C19"
"Chadwyck_British_1866_Collins_ArmadaleByWilkie.txt","neg","C19"
"Chadwyck_British_1862_Collins_NoNameBy.txt","neg","C19"
"Chadwyck_British_1859_Collins_TheWomanin.txt","pos","C19"
"Chadwyck_American_1874_Cooke_JustinHarleyA.txt","neg","C19"
"Chadwyck_American_1874_Cooke_PrettyMrsGaston.txt","neg","C19"
"Chadwyck_American_1873_Cooke_HerMajestythe.txt","pos","C19"
"Chadwyck_American_1872_Cooke_DoctorVandykeA.txt","neg","C19"
"Chadwyck_American_1871_Cooke_Outofthe.txt","pos","C19"
"Chadwyck_American_1870_Cooke_HammerandRapier.txt","pos","C19"
"Chadwyck_American_1869_Cooke_HilttoHilt.txt","neg","C19"
"Chadwyck_American_1869_Cooke_MohunorThe.txt","neg","C19"
"Chadwyck_American_1868_Cooke_FairfaxorThe.txt","neg","C19"
"Chadwyck_American_1866_Cooke_SurryofEagles.txt","neg","C19"
"Chadwyck_American_1859_Cooke_HenryStJohn.txt","pos","C19"
"Chadwyck_American_1856_Cooke_TheLastof.txt","neg","C19"
"Chadwyck_American_1855_Cooke_EllieorThe.txt","neg","C19"
"Chadwyck_American_1854_Cooke_LeatherStockingand.txt","neg","C19"
"Chadwyck_American_1854_Cooke_TheVirginiaComedians.txt","neg","C19"
"Chadwyck_American_1854_Cooke_TheYouthof.txt","neg","C19"
"Chadwyck_American_1850_Cooper_TheWaysof.txt","pos","C19"
"Chadwyck_American_1849_Cooper_TheSeaLions.txt","neg","C19"
"Chadwyck_American_1848_Cooper_JackTiervolume.txt","neg","C19"
"Chadwyck_American_1848_Cooper_TheOakOpenings.txt","pos","C19"
"Chadwyck_American_1847_Cooper_TheCrateror.txt","pos","C19"
"Chadwyck_American_1846_Cooper_ElinorWyllysor.txt","neg","C19"
"Chadwyck_American_1846_Cooper_TheRedskinsor.txt","pos","C19"
"Chadwyck_American_1845_Cooper_SatanstoeorThe.txt","pos","C19"
"Chadwyck_American_1845_Cooper_TheChainbeareror.txt","neg","C19"
"Chadwyck_American_1843_Cooper_NedMyersor.txt","neg","C19"
"Chadwyck_American_1843_Cooper_Wyandotteorthe.txt","pos","C19"
"Chadwyck_American_1842_Cooper_TheTwoAdmirals.txt","pos","C19"
"Chadwyck_American_1842_Cooper_TheWing-and-Wingor.txt","pos","C19"
"Chadwyck_American_1841_Cooper_TheDeerslayervolume.txt","pos","C19"
"Chadwyck_American_1840_Cooper_MercedesofCastile.txt","pos","C19"
"Chadwyck_American_1840_Cooper_ThePathfinderor.txt","pos","C19"
"Chadwyck_American_1838_Cooper_HomeasFound.txt","neg","C19"
"Chadwyck_American_1838_Cooper_HomewardBoundor.txt","pos","C19"
"Chadwyck_American_1835_Cooper_TheMonikinsVolume.txt","pos","C19"
"Chadwyck_American_1833_Cooper_TheHeadsmanor.txt","pos","C19"
"Chadwyck_American_1832_Cooper_TheHeidenmauervolume.txt","pos","C19"
"Chadwyck_American_1831_Cooper_TheBravovolume.txt","pos","C19"
"Chadwyck_American_1831_Cooper_TheWater-Witchvolume.txt","pos","C19"
"Chadwyck_American_1829_Cooper_TheWeptof.txt","pos","C19"
"Chadwyck_American_1828_Cooper_TheRedRover.txt","pos","C19"
"Chadwyck_American_1827_Cooper_ThePrairievolume.txt","pos","C19"
"Chadwyck_American_1826_Cooper_TheLastof.txt","pos","C19"
"Chadwyck_American_1825_Cooper_LionelLincolnor.txt","pos","C19"
"Chadwyck_American_1823_Cooper_ThePioneersvolume.txt","pos","C19"
"Chadwyck_American_1821_Cooper_TheSpyvolume.txt","pos","C19"
"Chadwyck_American_1820_Cooper_Precautionvolume1.txt","pos","C19"
"Chadwyck_American_1867_Cozzens_TheSayingsof.txt","neg","C19"
"Chadwyck_American_1856_Cozzens_TheSparrowgrassPapers.txt","neg","C19"
"Chadwyck_American_1861_Curtis_TrumpsANovel.txt","pos","C19"
"Chadwyck_British_1806_Dacre_ZofloyaorThe.txt","neg","C19"
"Chadwyck_American_1839_Dawes_NixMateAn.txt","pos","C19"
"Chadwyck_British_1870_Dickens_TheMysteryof.txt","pos","C19"
"Chadwyck_British_1865_Dickens_OurMutualFriend.txt","pos","C19"
"Chadwyck_British_1861_Dickens_GreatExpectationsBy.txt","neg","C19"
"Chadwyck_British_1859_Dickens_ATaleof.txt","pos","C19"
"Chadwyck_British_1857_Dickens_LittleDorritBy.txt","pos","C19"
"Chadwyck_British_1854_Dickens_HardTimesFor.txt","neg","C19"
"Chadwyck_British_1853_Dickens_BleakHouseBy.txt","pos","C19"
"Chadwyck_British_1850_Dickens_ThePersonalHistory.txt","neg","C19"
"Chadwyck_British_1848_Dickens_DombeyandSon.txt","neg","C19"
"Chadwyck_British_1844_Dickens_TheLifeand.txt","pos","C19"
"Chadwyck_British_1843_Dickens_AChristmasCarol.txt","pos","C19"
"Chadwyck_British_1841_Dickens_BarnabyRudgein.txt","neg","C19"
"Chadwyck_British_1841_Dickens_TheOldCuriosity.txt","pos","C19"
"Chadwyck_British_1839_Dickens_TheLifeand.txt","neg","C19"
"Chadwyck_British_1838_Dickens_OliverTwistor.txt","neg","C19"
"Chadwyck_British_1837_Dickens_ThePosthumousPapers.txt","neg","C19"
"Chadwyck_British_1870_Disraeli_LothairBythe.txt","neg","C19"
"Chadwyck_British_1847_Disraeli_TancredorThe.txt","neg","C19"
"Chadwyck_British_1845_Disraeli_SybilorThe.txt","pos","C19"
"Chadwyck_British_1844_Disraeli_ConingsbyorThe.txt","pos","C19"
"Chadwyck_British_1826_Disraeli_VivianGrey.txt","neg","C19"
"Chadwyck_British_1890_Doyle_TheSignof.txt","neg","C19"
"Chadwyck_American_1857_Duganne_TheTenant-Houseor.txt","neg","C19"
"Chadwyck_American_1854_Duganne_BiancaorThe.txt","pos","C19"
"Chadwyck_American_1850_Duganne_ThePrinceCorsair.txt","pos","C19"
"Chadwyck_American_1843_Duganne_TheTwoClerks.txt","pos","C19"
"Chadwyck_American_1836_Dunlap_ThirtyYearsAgo.txt","pos","C19"
"Chadwyck_Irish_1817_Edgeworth_OrmondATale.txt","pos","C19"
"Chadwyck_Irish_1814_Edgeworth_PatronageByMaria.txt","neg","C19"
"Chadwyck_Irish_1812_Edgeworth_TheAbsenteein.txt","pos","C19"
"Chadwyck_Irish_1809_Edgeworth_EnnuiorMemoirs.txt","neg","C19"
"Chadwyck_Irish_1801_Edgeworth_BelindaByMaria.txt","pos","C19"
"Chadwyck_Irish_1800_Edgeworth_CastleRackrentAn.txt","neg","C19"
"Chadwyck_American_1874_Eggleston_TheCircuitRider.txt","pos","C19"
"Chadwyck_American_1873_Eggleston_TheMysteryof.txt","pos","C19"
"Chadwyck_American_1872_Eggleston_TheEndof.txt","neg","C19"
"Chadwyck_American_1871_Eggleston_TheHoosierSchool-Master.txt","neg","C19"
"Chadwyck_British_1876_Eliot_DanielDerondaBy.txt","neg","C19"
"Chadwyck_British_1872_Eliot_MiddlemarchAStudy.txt","neg","C19"
"Chadwyck_British_1866_Eliot_FelixHoltThe.txt","pos","C19"
"Chadwyck_British_1863_Eliot_RomolaByGeorge.txt","pos","C19"
"Chadwyck_British_1861_Eliot_SilasMarnerthe.txt","pos","C19"
"Chadwyck_British_1860_Eliot_TheMillon.txt","pos","C19"
"Chadwyck_British_1859_Eliot_AdamBedeBy.txt","pos","C19"
"Chadwyck_British_1858_Eliot_ScenesofClerical.txt","pos","C19"
"Chadwyck_American_1867_English_AmbroseFecitor.txt","neg","C19"
"Chadwyck_American_1869_Evans_VashtiorUntil.txt","pos","C19"
"Chadwyck_American_1867_Evans_StElmoA.txt","pos","C19"
"Chadwyck_American_1864_Evans_MacariaorAltars.txt","neg","C19"
"Chadwyck_American_1855_Evans_InezATale.txt","neg","C19"
"Chadwyck_British_1858_Farrar_EricorLittle.txt","neg","C19"
"Chadwyck_American_1843_Fay_HobokenARomance.txt","neg","C19"
"Chadwyck_American_1840_Fay_TheCountessIda.txt","pos","C19"
"Chadwyck_American_1839_Fay_SydneyCliftonor.txt","pos","C19"
"Chadwyck_American_1835_Fay_NormanLeslieA.txt","pos","C19"
"Chadwyck_British_1795_Fenwick_SecresyOrThe.txt","pos","C19"
"Chadwyck_British_1818_Ferrier_MarriageANovel.txt","pos","C19"
"Chadwyck_American_1830_Flint_TheShoshoneValley.txt","pos","C19"
"Chadwyck_American_1829_Flint_GeorgeMasonthe.txt","neg","C19"
"Chadwyck_American_1828_Flint_TheLifeand.txt","pos","C19"
"Chadwyck_American_1826_Flint_FrancisBerrianor.txt","neg","C19"
"Chadwyck_American_1798_Foster_TheBoardingSchool.txt","neg","C19"
"Chadwyck_American_1797_Foster_TheCoquetteor.txt","neg","C19"
"Chadwyck_British_1849_Froude_TheNemesisof.txt","pos","C19"
"Chadwyck_British_1823_Galt_TheEntailor.txt","pos","C19"
"Chadwyck_British_1822_Galt_TheProvost.txt","pos","C19"
"Chadwyck_British_1821_Galt_AnnalsOfThe.txt","pos","C19"
"Chadwyck_British_1821_Galt_TheAyrshireLegatees.txt","pos","C19"
"Chadwyck_British_1866_Gaskell_WivesandDaughters.txt","pos","C19"
"Chadwyck_British_1863_Gaskell_SylviaLoversBy.txt","pos","C19"
"Chadwyck_British_1855_Gaskell_NorthAndSouth.txt","pos","C19"
"Chadwyck_British_1853_Gaskell_RuthANovel.txt","pos","C19"
"Chadwyck_British_1849_Gaskell_MaryBartonA.txt","pos","C19"
"Chadwyck_British_1897_Gissing_TheWhirlpoolBy.txt","pos","C19"
"Chadwyck_British_1893_Gissing_TheOddWomen.txt","neg","C19"
"Chadwyck_British_1891_Gissing_NewGrubStreet.txt","neg","C19"
"Chadwyck_British_1889_Gissing_TheNetherWorld.txt","pos","C19"
"Chadwyck_British_1805_Godwin_FleetwoodOrThe.txt","pos","C19"
"Chadwyck_British_1799_Godwin_StLeonA.txt","neg","C19"
"Chadwyck_British_1794_Godwin_ThingsAsThey.txt","neg","C19"
"Chadwyck_British_1836_Gore_MrsArmytageor.txt","pos","C19"
"Chadwyck_British_1892_Grossmith_TheDiaryof.txt","pos","C19"
"Chadwyck_British_1887_Haggard_SheAHistory.txt","neg","C19"
"Chadwyck_British_1885_Haggard_KingSolomonMines.txt","neg","C19"
"Chadwyck_American_1853_Hale_LiberiaorMr.txt","pos","C19"
"Chadwyck_American_1852_Hale_NorthwoodorLife.txt","neg","C19"
"Chadwyck_American_1852_Hall_FrankFreemanBarber.txt","neg","C19"
"Chadwyck_American_1846_Hall_SomethingforEvery.txt","neg","C19"
"Chadwyck_American_1843_Hall_TheNewPurchase.txt","neg","C19"
"Chadwyck_American_1833_Hall_TheHarpeHead.txt","pos","C19"
"Chadwyck_American_1864_Halpine_TheLifeand.txt","neg","C19"
"Chadwyck_British_1897_Hardy_TheWell-Beloveda.txt","pos","C19"
"Chadwyck_British_1896_Hardy_JudetheObscure.txt","pos","C19"
"Chadwyck_British_1892_Hardy_ThePursuitof.txt","pos","C19"
"Chadwyck_British_1891_Hardy_Tessofthe.txt","pos","C19"
"Chadwyck_British_1887_Hardy_TheWoodlandersBy.txt","pos","C19"
"Chadwyck_British_1886_Hardy_TheMayorof.txt","pos","C19"
"Chadwyck_British_1880_Hardy_TheTrumpet-MajorA.txt","pos","C19"
"Chadwyck_British_1878_Hardy_TheReturnof.txt","neg","C19"
"Chadwyck_British_1874_Hardy_Farfromthe.txt","pos","C19"
"Chadwyck_British_1873_Hardy_APairof.txt","pos","C19"
"Chadwyck_British_1872_Hardy_UndertheGreenwood.txt","pos","C19"
"Chadwyck_American_1872_Hawthorne_SeptimiusFeltonor.txt","neg","C19"
"Chadwyck_American_1860_Hawthorne_TheMarbleFaun.txt","pos","C19"
"Chadwyck_American_1852_Hawthorne_TheBlithedaleRomance.txt","pos","C19"
"Chadwyck_American_1852_Hawthorne_TheSnow-Imageand.txt","pos","C19"
"Chadwyck_American_1851_Hawthorne_TheHouseof.txt","pos","C19"
"Chadwyck_American_1850_Hawthorne_TheScarletLetter.txt","pos","C19"
"Chadwyck_American_1846_Hawthorne_Mossesfroman.txt","pos","C19"
"Chadwyck_British_1799_Hays_TheVictimof.txt","neg","C19"
"Chadwyck_British_1796_Hays_MemoirsofEmma.txt","pos","C19"
"Chadwyck_American_1855_Herbert_WagerofBattle.txt","pos","C19"
"Chadwyck_American_1854_Herbert_PersonsandPictures.txt","pos","C19"
"Chadwyck_American_1853_Herbert_TheChevaliersof.txt","neg","C19"
"Chadwyck_American_1852_Herbert_TheCavaliersof.txt","pos","C19"
"Chadwyck_American_1852_Herbert_TheKnightsof.txt","pos","C19"
"Chadwyck_American_1849_Herbert_DermontO'Brienor.txt","pos","C19"
"Chadwyck_American_1849_Herbert_TheDeerstalkersor.txt","pos","C19"
"Chadwyck_American_1848_Herbert_PierrethePartisan.txt","pos","C19"
"Chadwyck_American_1847_Herbert_IngleboroughHalland.txt","pos","C19"
"Chadwyck_American_1847_Herbert_TheMillerof.txt","pos","C19"
"Chadwyck_American_1846_Herbert_MyShootingBox.txt","pos","C19"
"Chadwyck_American_1846_Herbert_TheRomanTraitor.txt","pos","C19"
"Chadwyck_American_1845_Herbert_TheWarwickWoodlands.txt","pos","C19"
"Chadwyck_American_1844_Herbert_GuaricatheCharib.txt","neg","C19"
"Chadwyck_American_1844_Herbert_TheLordof.txt","pos","C19"
"Chadwyck_American_1843_Herbert_MarmadukeWyvilor.txt","pos","C19"
"Chadwyck_American_1843_Herbert_RingwoodtheRover.txt","pos","C19"
"Chadwyck_American_1838_Herbert_CromwellAnHistorical.txt","pos","C19"
"Chadwyck_American_1835_Herbert_TheBrothersA.txt","neg","C19"
"Chadwyck_American_1869_Higginson_MalboneAnOldport.txt","neg","C19"
"Chadwyck_American_1840_Hoffman_GreyslaerARomance.txt","pos","C19"
"Chadwyck_British_1824_Hogg_ThePrivateMemoirs.txt","neg","C19"
"Chadwyck_British_1794_Holcroft_TheAdventuresof.txt","pos","C19"
"Chadwyck_British_1792_Holcroft_AnnaStIves.txt","neg","C19"
"Chadwyck_American_1875_Holland_SevenoaksAStory.txt","pos","C19"
"Chadwyck_American_1873_Holland_ArthurBonnicastleAn.txt","neg","C19"
"Chadwyck_American_1860_Holland_MissGilbertCareer.txt","neg","C19"
"Chadwyck_American_1857_Holland_TheBay-PathA.txt","neg","C19"
"Chadwyck_American_1874_Holmes_WestLawnand.txt","neg","C19"
"Chadwyck_American_1872_Holmes_EdnaBrowningor.txt","neg","C19"
"Chadwyck_American_1871_Holmes_MillibankorRoger.txt","pos","C19"
"Chadwyck_American_1869_Holmes_EthelynMistakeor.txt","pos","C19"
"Chadwyck_American_1868_Holmes_RoseMatherA.txt","pos","C19"
"Chadwyck_American_1867_Holmes_TheCameronPride.txt","pos","C19"
"Chadwyck_American_1867_Holmes_TheGuardianAngel.txt","pos","C19"
"Chadwyck_American_1865_Holmes_HughWorthington1865.txt","neg","C19"
"Chadwyck_American_1864_Holmes_DarknessandDaylight.txt","neg","C19"
"Chadwyck_American_1863_Holmes_MarianGreyor.txt","pos","C19"
"Chadwyck_American_1861_Holmes_ElsieVennerA.txt","pos","C19"
"Chadwyck_American_1860_Holmes_CousinMaudand.txt","neg","C19"
"Chadwyck_American_1859_Holmes_DoraDeaneor.txt","neg","C19"
"Chadwyck_American_1855_Holmes_TheEnglishOrphans.txt","neg","C19"
"Chadwyck_American_1854_Holmes_TempestandSunshine.txt","neg","C19"
"Chadwyck_American_1875_Howells_AForegoneConclusion.txt","pos","C19"
"Chadwyck_American_1873_Howells_AChanceAcquaintance.txt","pos","C19"
"Chadwyck_American_1872_Howells_TheirWeddingJourney.txt","pos","C19"
"Chadwyck_British_1857_Hughes_TomBrownSchool.txt","pos","C19"
"Chadwyck_British_1796_Inchbald_NatureandArt.txt","pos","C19"
"Chadwyck_British_1791_Inchbald_ASimpleStory.txt","pos","C19"
"Chadwyck_American_1860_Ingraham_TheSunnySouth.txt","neg","C19"
"Chadwyck_American_1860_Ingraham_TheThroneof.txt","pos","C19"
"Chadwyck_American_1859_Ingraham_ThePillarof.txt","neg","C19"
"Chadwyck_American_1855_Ingraham_ThePrinceof.txt","pos","C19"
"Chadwyck_American_1850_Ingraham_TheArrowof.txt","neg","C19"
"Chadwyck_American_1848_Ingraham_JennetteAlisonor.txt","pos","C19"
"Chadwyck_American_1847_Ingraham_BlancheTalbotor.txt","pos","C19"
"Chadwyck_American_1847_Ingraham_EdwardManningor.txt","neg","C19"
"Chadwyck_American_1847_Ingraham_PaulPerrilthe.txt","neg","C19"
"Chadwyck_American_1847_Ingraham_RingoldGriffittor.txt","pos","C19"
"Chadwyck_American_1847_Ingraham_TheSurfSkiff.txt","pos","C19"
"Chadwyck_American_1846_Ingraham_BonfieldorThe.txt","pos","C19"
"Chadwyck_American_1846_Ingraham_LeislerorThe.txt","pos","C19"
"Chadwyck_American_1846_Ingraham_TheLadyof.txt","pos","C19"
"Chadwyck_American_1846_Ingraham_TheSlaveKing.txt","neg","C19"
"Chadwyck_American_1845_Ingraham_FlemingFieldor.txt","pos","C19"
"Chadwyck_American_1845_Ingraham_ForrestalorThe.txt","pos","C19"
"Chadwyck_American_1845_Ingraham_GraceWeldonor.txt","pos","C19"
"Chadwyck_American_1845_Ingraham_HarryHarefootor.txt","pos","C19"
"Chadwyck_American_1845_Ingraham_MontezumatheSerf.txt","pos","C19"
"Chadwyck_American_1845_Ingraham_ScarletFeatheror.txt","pos","C19"
"Chadwyck_American_1845_Ingraham_TheKnightsof.txt","neg","C19"
"Chadwyck_American_1845_Ingraham_TheWingof.txt","pos","C19"
"Chadwyck_American_1844_Ingraham_TheMidshipmanor.txt","pos","C19"
"Chadwyck_American_1844_Ingraham_TheSilverBottle.txt","pos","C19"
"Chadwyck_American_1844_Ingraham_TheSpanishGalleon.txt","neg","C19"
"Chadwyck_American_1842_Ingraham_EdwardAustinor.txt","neg","C19"
"Chadwyck_American_1841_Ingraham_TheQuadrooneor.txt","pos","C19"
"Chadwyck_American_1839_Ingraham_CaptainKydor.txt","pos","C19"
"Chadwyck_American_1838_Ingraham_BurtonorThe.txt","pos","C19"
"Chadwyck_American_1836_Ingraham_LafitteThePirate.txt","pos","C19"
"Chadwyck_British_1885_Jefferies_AfterLondonor.txt","pos","C19"
"Chadwyck_British_1882_Jefferies_BevisTheStory.txt","neg","C19"
"Chadwyck_American_1871_Johnston_DukesboroughTalesBy.txt","pos","C19"
"Chadwyck_American_1863_Jones_WildWesternScenes.txt","pos","C19"
"Chadwyck_American_1859_Jones_Borderwara.txt","neg","C19"
"Chadwyck_American_1856_Jones_WildWesternScenes.txt","neg","C19"
"Chadwyck_American_1855_Jones_TheWinklesor.txt","neg","C19"
"Chadwyck_American_1854_Jones_FreaksandFortune.txt","neg","C19"
"Chadwyck_American_1849_Jones_TheWesternMerchant.txt","neg","C19"
"Chadwyck_American_1827_Judah_TheBuccaneersA.txt","neg","C19"
"Chadwyck_American_1851_Judd_MargaretATale.txt","pos","C19"
"Chadwyck_American_1850_Judd_RichardEdneyand.txt","pos","C19"
"Chadwyck_American_1840_Kennedy_QuodlibetContainingSome.txt","pos","C19"
"Chadwyck_American_1838_Kennedy_Robofthe.txt","neg","C19"
"Chadwyck_American_1835_Kennedy_HorseShoeRobinson.txt","neg","C19"
"Chadwyck_American_1832_Kennedy_SwallowBarnor.txt","pos","C19"
"Chadwyck_British_1866_Kingsley_HerewardtheWake.txt","pos","C19"
"Chadwyck_British_1863_Kingsley_TheWater-BabiesA.txt","pos","C19"
"Chadwyck_British_1850_Kingsley_AltonLockeTailor.txt","neg","C19"
"Chadwyck_American_1850_Kirkland_ForestLifevolume.txt","pos","C19"
"Chadwyck_American_1850_Kirkland_TheFountainand.txt","pos","C19"
"Chadwyck_American_1849_Kirkland_DahcotahorLife.txt","pos","C19"
"Chadwyck_American_1845_Kirkland_WesternClearings.txt","pos","C19"
"Chadwyck_American_1839_Kirkland_ANewHome--Who'll.txt","pos","C19"
"Chadwyck_American_1867_Lanier_Tiger-LiliesANovel.txt","pos","C19"
"Chadwyck_Irish_1844_Lever_TomBurkeOf.txt","pos","C19"
"Chadwyck_British_1796_Lewis_TheMonkA.txt","pos","C19"
"Chadwyck_British_1872_Linton_TheTrueHistory.txt","pos","C19"
"Chadwyck_American_1850_Lippard_TheKillersA.txt","neg","C19"
"Chadwyck_American_1849_Lippard_Memoirsofa.txt","pos","C19"
"Chadwyck_American_1849_Lippard_TheManwith.txt","neg","C19"
"Chadwyck_American_1848_Lippard_BelofPrairie.txt","neg","C19"
"Chadwyck_American_1848_Lippard_PaulArdenheimthe.txt","neg","C19"
"Chadwyck_American_1847_Lippard_LegendsofMexico.txt","pos","C19"
"Chadwyck_American_1847_Lippard_WashingtonandHis.txt","neg","C19"
"Chadwyck_American_1844_Lippard_HerbertTracyor.txt","neg","C19"
"Chadwyck_American_1844_Lippard_TheLadyeAnnabel.txt","neg","C19"
"Chadwyck_American_1839_Longfellow_HyperionVolume2.txt","pos","C19"
"Chadwyck_American_1864_Longstreet_MasterWilliamMitten.txt","neg","C19"
"Chadwyck_American_1835_Longstreet_GeorgiaScenesCharacters.txt","pos","C19"
"Chadwyck_American_1874_Lowell_AntonyBrade1874.txt","pos","C19"
"Chadwyck_American_1858_Lowell_TheNewPriest.txt","neg","C19"
"Chadwyck_British_1871_Lytton_TheComingRace.txt","pos","C19"
"Chadwyck_British_1832_Lytton_EugeneAram.txt","neg","C19"
"Chadwyck_British_1828_Lytton_PelhamOrThe.txt","neg","C19"
"Chadwyck_Irish_1831_M'Henry_MeredithorThe.txt","neg","C19"
"Chadwyck_Irish_1830_M'Henry_TheBetrothedof.txt","pos","C19"
"Chadwyck_Irish_1824_M'Henry_O'HalloranorThe.txt","pos","C19"
"Chadwyck_Irish_1823_M'Henry_TheWildernessor.txt","pos","C19"
"Chadwyck_British_1872_MacDonald_ThePrincessAnd.txt","neg","C19"
"Chadwyck_British_1871_MacDonald_AttheBack.txt","pos","C19"
"Chadwyck_British_1834_Marryat_PeterSimple.txt","pos","C19"
"Chadwyck_American_1850_Mathews_ChanticleerAThanksgiving.txt","neg","C19"
"Chadwyck_American_1845_Mathews_BigAbeland.txt","neg","C19"
"Chadwyck_American_1843_Mathews_TheVariousWritings.txt","neg","C19"
"Chadwyck_American_1842_Mathews_TheCareerof.txt","pos","C19"
"Chadwyck_American_1839_Mathews_BehemothALegend.txt","pos","C19"
"Chadwyck_Irish_1820_Maturin_MelmothTheWanderer.txt","neg","C19"
"Chadwyck_American_1857_Melville_TheConfidence-ManHis.txt","neg","C19"
"Chadwyck_American_1855_Melville_IsraelPotterHis.txt","neg","C19"
"Chadwyck_American_1852_Melville_PierreorThe.txt","neg","C19"
"Chadwyck_American_1851_Melville_Moby-DickorThe.txt","neg","C19"
"Chadwyck_American_1850_Melville_White-JacketorThe.txt","neg","C19"
"Chadwyck_American_1849_Melville_Mardianda.txt","pos","C19"
"Chadwyck_American_1849_Melville_RedburnHisFirst.txt","pos","C19"
"Chadwyck_American_1847_Melville_OmooANarrative.txt","pos","C19"
"Chadwyck_American_1846_Melville_TypeeAPeep.txt","pos","C19"
"Chadwyck_British_1891_Meredith_OneofOur.txt","pos","C19"
"Chadwyck_British_1885_Meredith_Dianaofthe.txt","pos","C19"
"Chadwyck_British_1879_Meredith_TheEgoistA.txt","pos","C19"
"Chadwyck_British_1876_Meredith_BeauchampCareerBy.txt","pos","C19"
"Chadwyck_British_1861_Meredith_EvanHarringtonBy.txt","pos","C19"
"Chadwyck_British_1859_Meredith_TheOrdealof.txt","pos","C19"
"Chadwyck_American_1874_Miller_UnwrittenHistoryLife.txt","pos","C19"
"Chadwyck_American_1866_Mitchell_DoctorJohnsBeing.txt","pos","C19"
"Chadwyck_American_1855_Mitchell_FudgedoingsBeing.txt","neg","C19"
"Chadwyck_American_1851_Mitchell_DreamLifeA.txt","pos","C19"
"Chadwyck_American_1850_Mitchell_Reveriesofa.txt","pos","C19"
"Chadwyck_American_1850_Mitchell_TheLorgnetteor.txt","pos","C19"
"Chadwyck_American_1811_Mitchell_AShortAccount.txt","neg","C19"
"Chadwyck_American_1811_Mitchell_TheAsylumor.txt","neg","C19"
"Chadwyck_Irish_1894_Moore_EstherWatersA.txt","pos","C19"
"Chadwyck_British_1800_Moore_MordauntSketchesof.txt","pos","C19"
"Chadwyck_British_1809_More_CoelebsinSearch.txt","pos","C19"
"Chadwyck_Irish_1806_Morgan_TheWildIrish.txt","pos","C19"
"Chadwyck_British_1891_Morris_NewsfromNowhere.txt","neg","C19"
"Chadwyck_American_1849_Motley_Merry-mountARomance.txt","pos","C19"
"Chadwyck_American_1839_Motley_MortonHopeor.txt","pos","C19"
"Chadwyck_American_1874_Moulton_SomeWomenHearts.txt","pos","C19"
"Chadwyck_American_1856_Moulton_JunoCliffordA.txt","pos","C19"
"Chadwyck_American_1857_Myers_ThePrisonerof.txt","neg","C19"
"Chadwyck_American_1854_Myers_TheMiserHeir.txt","pos","C19"
"Chadwyck_American_1850_Myers_TheKingof.txt","neg","C19"
"Chadwyck_American_1848_Myers_TheFirstof.txt","neg","C19"
"Chadwyck_American_1859_Neal_TrueWomanhoodA.txt","neg","C19"
"Chadwyck_American_1833_Neal_TheDown-EastersVolume.txt","pos","C19"
"Chadwyck_American_1830_Neal_AuthorshipATale.txt","pos","C19"
"Chadwyck_American_1828_Neal_RachelDyerA.txt","pos","C19"
"Chadwyck_American_1823_Neal_ErrataorThe.txt","pos","C19"
"Chadwyck_American_1823_Neal_RandolphANovel.txt","pos","C19"
"Chadwyck_American_1823_Neal_Seventy-sixvolume1.txt","pos","C19"
"Chadwyck_American_1822_Neal_LoganAFamily.txt","neg","C19"
"Chadwyck_British_1848_Newman_LossandGain.txt","neg","C19"
"Chadwyck_British_1863_Oliphant_SalemChapelChronicles.txt","pos","C19"
"Chadwyck_British_1805_Opie_AdelineMowbrayOr.txt","neg","C19"
"Chadwyck_American_1856_Parkman_VassallMortonA.txt","pos","C19"
"Chadwyck_American_1849_Paulding_ThePuritanand.txt","pos","C19"
"Chadwyck_American_1846_Paulding_TheOldContinental.txt","pos","C19"
"Chadwyck_American_1836_Paulding_TheBookof.txt","pos","C19"
"Chadwyck_American_1832_Paulding_WestwardHo.txt","pos","C19"
"Chadwyck_American_1831_Paulding_TheDutchmanFireside.txt","pos","C19"
"Chadwyck_American_1830_Paulding_Chroniclesofthe.txt","neg","C19"
"Chadwyck_American_1829_Paulding_Talesofthe.txt","pos","C19"
"Chadwyck_American_1828_Paulding_TheNewMirror.txt","neg","C19"
"Chadwyck_American_1826_Paulding_TheMerryTales.txt","pos","C19"
"Chadwyck_American_1825_Paulding_JohnBullin.txt","pos","C19"
"Chadwyck_American_1823_Paulding_KoningsmarketheLong.txt","pos","C19"
"Chadwyck_British_1878_Payn_ByProxyBy.txt","pos","C19"
"Chadwyck_British_1831_Peacock_CrotchetCastle.txt","pos","C19"
"Chadwyck_American_1840_Poe_Talesofthe.txt","neg","C19"
"Chadwyck_American_1838_Poe_TheNarrativeof.txt","pos","C19"
"Chadwyck_British_1810_Porter_TheScottishChiefs.txt","neg","C19"
"Chadwyck_British_1797_Radcliffe_TheItalianor.txt","pos","C19"
"Chadwyck_British_1794_Radcliffe_TheMysteriesof.txt","neg","C19"
"Chadwyck_British_1791_Radcliffe_TheRomanceof.txt","neg","C19"
"Chadwyck_British_1790_Radcliffe_ASicilianRomance.txt","neg","C19"
"Chadwyck_British_1863_Reade_HardCashA.txt","pos","C19"
"Chadwyck_British_1861_Reade_TheCloisterand.txt","pos","C19"
"Chadwyck_British_1797_Robinson_WalsinghamorThe.txt","pos","C19"
"Chadwyck_American_1875_Roe_FromJestto.txt","neg","C19"
"Chadwyck_American_1874_Roe_OpeningaChestnut.txt","pos","C19"
"Chadwyck_American_1873_Roe_WhatCanShe.txt","pos","C19"
"Chadwyck_American_1872_Roe_BarriersBurnedAway.txt","neg","C19"
"Chadwyck_American_1828_Rowson_CharlotteDaughteror.txt","pos","C19"
"Chadwyck_American_1813_Rowson_SarahorThe.txt","neg","C19"
"Chadwyck_American_1798_Rowson_ReubenandRachel.txt","pos","C19"
"Chadwyck_American_1795_Rowson_Trialsofthe.txt","pos","C19"
"Chadwyck_American_1794_Rowson_MentoriaorThe.txt","pos","C19"
"Chadwyck_American_1794_Rowson_TheFillede.txt","pos","C19"
"Chadwyck_American_1827_Royall_TheTennesseanA.txt","neg","C19"
"Chadwyck_British_1878_Russell_TheWreckof.txt","neg","C19"
"Chadwyck_British_1862_Sala_TheSevenSons.txt","neg","C19"
"Chadwyck_American_1864_Sargent_PeculiarATale.txt","pos","C19"
"Chadwyck_American_1845_Sargent_FleetwoodorThe.txt","pos","C19"
"Chadwyck_American_1842_Sargent_WhattoBe.txt","pos","C19"
"Chadwyck_British_1883_Schreiner_TheStoryof.txt","neg","C19"
"Chadwyck_British_1824_Scott_Redgauntletinthe.txt","pos","C19"
"Chadwyck_British_1823_Scott_QuentinDurwardin.txt","pos","C19"
"Chadwyck_British_1823_Scott_StRonanWell.txt","pos","C19"
"Chadwyck_British_1821_Scott_Kenilworthinthe.txt","pos","C19"
"Chadwyck_British_1819_Scott_ALegendof.txt","pos","C19"
"Chadwyck_British_1819_Scott_IvanhoeARomance.txt","pos","C19"
"Chadwyck_British_1819_Scott_TheBrideof.txt","neg","C19"
"Chadwyck_British_1818_Scott_TheHeartof.txt","neg","C19"
"Chadwyck_British_1817_Scott_RobRoyin.txt","neg","C19"
"Chadwyck_British_1816_Scott_OldMortalityin.txt","pos","C19"
"Chadwyck_British_1816_Scott_TheBlackDwarf.txt","pos","C19"
"Chadwyck_British_1815_Scott_GuyManneringOr.txt","pos","C19"
"Chadwyck_British_1815_Scott_TheAntiquaryin.txt","pos","C19"
"Chadwyck_British_1814_Scott_WaverleyorTis.txt","pos","C19"
"Chadwyck_American_1857_Sedgwick_MarriedorSingle.txt","neg","C19"
"Chadwyck_American_1852_Sedgwick_ANewEngland.txt","pos","C19"
"Chadwyck_American_1848_Sedgwick_TheBoyof.txt","pos","C19"
"Chadwyck_American_1837_Sedgwick_LiveandLet.txt","neg","C19"
"Chadwyck_American_1836_Sedgwick_ThePoorRich.txt","pos","C19"
"Chadwyck_American_1835_Sedgwick_TheLinwoodsvolume.txt","pos","C19"
"Chadwyck_American_1830_Sedgwick_ClarenceorA.txt","neg","C19"
"Chadwyck_American_1827_Sedgwick_HopeLeslievolume.txt","neg","C19"
"Chadwyck_American_1824_Sedgwick_RedwoodATale.txt","neg","C19"
"Chadwyck_American_1822_Sedgwick_ANew-EnglandTale.txt","pos","C19"
"Chadwyck_British_1877_Sewell_BlackBeautyHis.txt","pos","C19"
"Chadwyck_British_1837_Shelley_FalknerANovel.txt","pos","C19"
"Chadwyck_British_1835_Shelley_Lodore.txt","pos","C19"
"Chadwyck_British_1831_Shelley_FrankensteinOrThe.txt","neg","C19"
"Chadwyck_British_1830_Shelley_TheFortunesof.txt","pos","C19"
"Chadwyck_British_1826_Shelley_TheLastMan.txt","neg","C19"
"Chadwyck_British_1823_Shelley_ValpergaOrthe.txt","pos","C19"
"Chadwyck_British_1818_Shelley_FrankensteinorThe.txt","neg","C19"
"Chadwyck_British_1811_Shelley_StIrvyneor.txt","pos","C19"
"Chadwyck_British_1810_Shelley_ZastrozziARomance.txt","neg","C19"
"Chadwyck_British_1798_Shelley_TheWrongsof.txt","pos","C19"
"Chadwyck_American_1859_Shillaber_Knitting-WorkAWeb.txt","neg","C19"
"Chadwyck_American_1854_Shillaber_LifeandSayings.txt","pos","C19"
"Chadwyck_American_1858_Sigourney_LucyHowardJournal.txt","neg","C19"
"Chadwyck_American_1848_Sigourney_Water-Drops.txt","neg","C19"
"Chadwyck_American_1846_Sigourney_MyrtisWithOther.txt","neg","C19"
"Chadwyck_American_1836_Sigourney_Sketches.txt","neg","C19"
"Chadwyck_American_1824_Sigourney_SketchofConnecticut.txt","pos","C19"
"Chadwyck_American_1859_Simms_TheCassiqueof.txt","pos","C19"
"Chadwyck_American_1856_Simms_CharlemontorThe.txt","pos","C19"
"Chadwyck_American_1856_Simms_EutawASequel.txt","pos","C19"
"Chadwyck_American_1855_Simms_TheForayersor.txt","pos","C19"
"Chadwyck_American_1854_Simms_SouthwardHoA.txt","neg","C19"
"Chadwyck_American_1853_Simms_MariedeBerniere.txt","neg","C19"
"Chadwyck_American_1853_Simms_VasconselosARomance.txt","neg","C19"
"Chadwyck_American_1852_Simms_AsGooda.txt","pos","C19"
"Chadwyck_American_1852_Simms_TheGoldenChristmas.txt","neg","C19"
"Chadwyck_American_1850_Simms_TheLilyand.txt","neg","C19"
"Chadwyck_American_1845_Simms_CountJulianor.txt","pos","C19"
"Chadwyck_American_1845_Simms_HelenHalseyor.txt","pos","C19"
"Chadwyck_American_1845_Simms_TheWigwamand.txt","pos","C19"
"Chadwyck_American_1842_Simms_Beauchampevolume1.txt","pos","C19"
"Chadwyck_American_1841_Simms_TheKinsmenor.txt","pos","C19"
"Chadwyck_American_1840_Simms_BorderBeaglesA.txt","neg","C19"
"Chadwyck_American_1839_Simms_TheDamselof.txt","pos","C19"
"Chadwyck_American_1838_Simms_CarlWerneran.txt","neg","C19"
"Chadwyck_American_1838_Simms_PelayoAStory.txt","neg","C19"
"Chadwyck_American_1838_Simms_RichardHurdisvolume.txt","neg","C19"
"Chadwyck_American_1836_Simms_MellichampeALegend.txt","pos","C19"
"Chadwyck_American_1835_Simms_ThePartisanA.txt","pos","C19"
"Chadwyck_American_1835_Simms_TheYemasseeA.txt","pos","C19"
"Chadwyck_American_1834_Simms_GuyRiversA.txt","pos","C19"
"Chadwyck_American_1859_Smith_MyThirtyYears.txt","pos","C19"
"Chadwyck_American_1834_Smith_TheSelectLetters.txt","neg","C19"
"Chadwyck_American_1833_Smith_TheLifeand.txt","pos","C19"
"Chadwyck_American_1831_Smith_TheForsakenA.txt","neg","C19"
"Chadwyck_British_1793_Smith_TheOldManor.txt","neg","C19"
"Chadwyck_British_1788_Smith_EmmelinetheOrphan.txt","pos","C19"
"Chadwyck_British_1894_Somerville_TheRealCharlotte.txt","pos","C19"
"Chadwyck_American_1872_Spofford_TheThiefin.txt","neg","C19"
"Chadwyck_American_1864_Spofford_AzarianAnEpisode.txt","neg","C19"
"Chadwyck_American_1860_Spofford_SirRohanGhost.txt","pos","C19"
"Chadwyck_British_1896_Stevenson_WeirofHermiston.txt","pos","C19"
"Chadwyck_British_1889_Stevenson_TheMasterof.txt","neg","C19"
"Chadwyck_British_1886_Stevenson_KidnappedbeingMemoirs.txt","pos","C19"
"Chadwyck_British_1883_Stevenson_TreasureIslandBy.txt","neg","C19"
"Chadwyck_American_1867_Stoddard_TempleHouseA.txt","pos","C19"
"Chadwyck_American_1865_Stoddard_TwoMenA.txt","neg","C19"
"Chadwyck_Irish_1897_Stoker_DraculaByBram.txt","pos","C19"
"Chadwyck_American_1875_Stowe_WeandOur.txt","neg","C19"
"Chadwyck_American_1871_Stowe_MyWifeand.txt","pos","C19"
"Chadwyck_American_1871_Stowe_PinkandWhite.txt","neg","C19"
"Chadwyck_American_1869_Stowe_OldtownFolks1869.txt","pos","C19"
"Chadwyck_American_1865_Stowe_HouseandHome.txt","pos","C19"
"Chadwyck_American_1862_Stowe_AgnesofSorrento.txt","pos","C19"
"Chadwyck_American_1862_Stowe_ThePearlof.txt","pos","C19"
"Chadwyck_American_1859_Stowe_TheMinisterWooing.txt","pos","C19"
"Chadwyck_American_1856_Stowe_DredATale.txt","pos","C19"
"Chadwyck_American_1852_Stowe_UncleTomCabin.txt","pos","C19"
"Chadwyck_British_1854_Surtees_HandleyCrossor.txt","pos","C19"
"Chadwyck_American_1872_Taylor_Beautyandthe.txt","pos","C19"
"Chadwyck_American_1870_Taylor_JosephandHis.txt","pos","C19"
"Chadwyck_American_1866_Taylor_TheStoryof.txt","neg","C19"
"Chadwyck_American_1864_Taylor_JohnGodfreyFortunes.txt","neg","C19"
"Chadwyck_American_1863_Taylor_HannahThurstonA.txt","neg","C19"
"Chadwyck_British_1839_Taylor_ConfessionsOfA.txt","pos","C19"
"Chadwyck_British_1864_Thackeray_DenisDuvalin.txt","neg","C19"
"Chadwyck_British_1862_Thackeray_TheAdventuresof.txt","pos","C19"
"Chadwyck_British_1861_Thackeray_LoveltheWidower.txt","pos","C19"
"Chadwyck_British_1858_Thackeray_TheVirginiansA.txt","neg","C19"
"Chadwyck_British_1856_Thackeray_TheMemoirsof.txt","neg","C19"
"Chadwyck_British_1854_Thackeray_TheNewcomesMemoirs.txt","neg","C19"
"Chadwyck_British_1852_Thackeray_TheHistoryof.txt","pos","C19"
"Chadwyck_British_1849_Thackeray_TheHistoryof.txt","pos","C19"
"Chadwyck_British_1848_Thackeray_VanityFairA.txt","neg","C19"
"Chadwyck_British_1840_Thackeray_AShabbyGenteel.txt","pos","C19"
"Chadwyck_British_1840_Thackeray_CatherineAStory.txt","pos","C19"
"Chadwyck_American_1840_Thomas_HowardPinckneyVolume.txt","pos","C19"
"Chadwyck_American_1836_Thomas_EastandWest.txt","pos","C19"
"Chadwyck_American_1835_Thomas_ClintonBradshawor.txt","pos","C19"
"Chadwyck_American_1864_Thompson_CenteolaandOther.txt","neg","C19"
"Chadwyck_American_1860_Thompson_TheDoomedChief.txt","pos","C19"
"Chadwyck_American_1857_Thompson_GautGurleyor.txt","neg","C19"
"Chadwyck_American_1851_Thompson_TheRangersor.txt","neg","C19"
"Chadwyck_American_1848_Thompson_LucyHosmeror.txt","neg","C19"
"Chadwyck_American_1848_Thompson_TheShakerLovers.txt","pos","C19"
"Chadwyck_American_1847_Thompson_LockeAmsdenor.txt","pos","C19"
"Chadwyck_American_1839_Thompson_TheGreenMountain.txt","pos","C19"
"Chadwyck_American_1835_Thompson_MayMartinor.txt","pos","C19"
"Chadwyck_American_1835_Thompson_TheAdventuresof.txt","neg","C19"
"Chadwyck_British_1880_Trollope_TheDukeChildren.txt","pos","C19"
"Chadwyck_British_1876_Trollope_ThePrimeMinister.txt","pos","C19"
"Chadwyck_British_1875_Trollope_TheWayWe.txt","pos","C19"
"Chadwyck_British_1874_Trollope_PhineasReduxBy.txt","neg","C19"
"Chadwyck_British_1873_Trollope_TheEustaceDiamonds.txt","pos","C19"
"Chadwyck_British_1869_Trollope_PhineasFinnthe.txt","neg","C19"
"Chadwyck_British_1867_Trollope_TheLastChronicle.txt","pos","C19"
"Chadwyck_British_1865_Trollope_CanYouForgive.txt","pos","C19"
"Chadwyck_British_1864_Trollope_TheSmallHouse.txt","pos","C19"
"Chadwyck_British_1861_Trollope_FramleyPassonageBy.txt","neg","C19"
"Chadwyck_British_1858_Trollope_DoctorThorneA.txt","pos","C19"
"Chadwyck_British_1858_Trollope_TheThreeClerks.txt","pos","C19"
"Chadwyck_British_1857_Trollope_BarchesterTowersBy.txt","pos","C19"
"Chadwyck_British_1855_Trollope_TheWardenBy.txt","pos","C19"
"Chadwyck_British_1840_Trollope_TheLifeand.txt","neg","C19"
"Chadwyck_British_1837_Trollope_TheVicarof.txt","neg","C19"
"Chadwyck_American_1836_Tucker_GeorgeBalcombeVolume.txt","neg","C19"
"Chadwyck_American_1836_Tucker_ThePartisanLeader.txt","neg","C19"
"Chadwyck_American_1875_Twain_MarkTwainSketches.txt","pos","C19"
"Chadwyck_American_1873_Twain_TheGildedAge.txt","pos","C19"
"Chadwyck_American_1872_Twain_RoughingIt1872.txt","neg","C19"
"Chadwyck_American_1797_Tyler_TheAlgerineCaptive.txt","neg","C19"
"Chadwyck_American_1873_Wallace_TheFairGod.txt","neg","C19"
"Chadwyck_British_1888_Ward_RobertElsmereBy.txt","pos","C19"
"Chadwyck_American_1871_Ward_TheSilentPartner.txt","pos","C19"
"Chadwyck_American_1870_Ward_HedgedIn1870.txt","neg","C19"
"Chadwyck_American_1869_Ward_MenWomenand.txt","pos","C19"
"Chadwyck_American_1869_Ward_TheGatesAjar.txt","pos","C19"
"Chadwyck_American_1867_Ward_ArtemusWardin.txt","pos","C19"
"Chadwyck_American_1865_Ward_ArtemusWardHis.txt","neg","C19"
"Chadwyck_American_1862_Ward_ArtemusWardHis.txt","neg","C19"
"Chadwyck_American_1841_Ware_JulianorScenes.txt","neg","C19"
"Chadwyck_American_1838_Ware_ProbusorRome.txt","neg","C19"
"Chadwyck_American_1837_Ware_LettersofLucius.txt","pos","C19"
"Chadwyck_American_1855_Warner_MyBrotherKeeper.txt","pos","C19"
"Chadwyck_American_1852_Warner_DollarsandCents.txt","pos","C19"
"Chadwyck_British_1895_Wells_TheTimeMachine.txt","pos","C19"
"Chadwyck_British_1881_White_TheAutobiographyof.txt","pos","C19"
"Chadwyck_American_1849_Whittier_LeavesfromMargaret.txt","pos","C19"
"Chadwyck_Irish_1891_Wilde_ThePictureof.txt","neg","C19"
"Chadwyck_American_1857_Willis_PaulFaneor.txt","pos","C19"
"Chadwyck_American_1853_Willis_Fun-JottingsorLaughs.txt","pos","C19"
"Chadwyck_American_1850_Willis_PeopleIHave.txt","neg","C19"
"Chadwyck_American_1840_Willis_RomanceofTravel.txt","neg","C19"
"Chadwyck_American_1836_Willis_InklingsofAdventure.txt","neg","C19"
"Chadwyck_American_1863_Winthrop_Lifeinthe.txt","neg","C19"
"Chadwyck_British_1861_Wood_EastLynneBy.txt","pos","C19"
"Chadwyck_American_1875_Woolson_CastleNowhereLake-Country.txt","pos","C19"
"Chadwyck_British_1856_Yonge_TheDaisyChain.txt","pos","C19"
"Chadwyck_British_1853_Yonge_TheHeirof.txt","neg","C19"
