source,target,weight,type,pmi
feel,ca,20,undirected,7.4040227326
feel,relief,65,undirected,4.3153140026
feel,unpleas,30,undirected,4.2190484594
feel,resent,53,undirected,4.2183980529
feel,gratitud,76,undirected,4.201062363
feel,asham,49,undirected,4.1810735823
feel,conscious,135,undirected,4.1607554546
feel,reproach,62,undirected,4.1216169595
feel,delicaci,48,undirected,4.1193071502
feel,stronger,32,undirected,4.1128262461
feel,mortifi,26,undirected,4.1086608131
feel,embarrass,49,undirected,4.1054182211
feel,sympathi,88,undirected,4.1009171737
feel,repress,22,undirected,4.0788777141
feel,sensat,52,undirected,4.0599837648
feel,reviv,36,undirected,4.0534690837
feel,anxieti,75,undirected,4.0436473454
feel,vex,30,undirected,4.0215174839
feel,disappoint,112,undirected,4.0208438564
feel,oppress,39,undirected,4.0114090946
feel,tender,181,undirected,4.0019049643
feel,chill,29,undirected,3.9970946762
feel,vexat,19,undirected,3.9940916709
feel,reliev,55,undirected,3.9690584884
feel,hurt,47,undirected,3.9611526545
feel,throb,24,undirected,3.9597835997
feel,regret,71,undirected,3.9509844756
feel,glow,53,undirected,3.9369119891
feel,composur,22,undirected,3.9227826432
feel,pain,189,undirected,3.9131963955
feel,inclin,65,undirected,3.8859924341
feel,ardent,23,undirected,3.8845056906
feel,gratifi,37,undirected,3.8734316358
feel,subdu,29,undirected,3.8685758254
feel,express,258,undirected,3.8635503638
feel,emot,100,undirected,3.863546617
feel,irrit,29,undirected,3.8618980043
feel,shrink,24,undirected,3.8606508621
feel,indign,61,undirected,3.8565117018
feel,certainti,17,undirected,3.8486746711
feel,desol,30,undirected,3.8313650335
feel,bitter,82,undirected,3.8274156113
feel,helpless,26,undirected,3.8144679157
feel,agit,65,undirected,3.8126995686
feel,vagu,21,undirected,3.8086693365
feel,indiffer,57,undirected,3.8085546773
feel,timid,32,undirected,3.7880500493
feel,stole,24,undirected,3.7871167781
feel,blush,61,undirected,3.7844289328
feel,spite,56,undirected,3.7804757655
feel,interest,205,undirected,3.7793566492
feel,imposs,72,undirected,3.7778316603
feel,involuntarili,22,undirected,3.7676334611
feel,curios,57,undirected,3.7622900569
feel,sooth,51,undirected,3.7585557714
feel,displeasur,19,undirected,3.7531366749
feel,anguish,35,undirected,3.7465848043
feel,heart,543,undirected,3.7415004894
feel,percept,18,undirected,3.7267848535
feel,pride,76,undirected,3.7250607151
feel,warmth,19,undirected,3.7217439625
feel,dislik,30,undirected,3.7207143235
feel,sensibl,64,undirected,3.7190571778
feel,fascin,18,undirected,3.7151432785
feel,prospect,44,undirected,3.7123063971
feel,decis,32,undirected,3.708653963
feel,soften,32,undirected,3.6958003156
feel,affect,184,undirected,3.6954116966
feel,clasp,38,undirected,3.6923780677
feel,convinc,64,undirected,3.6856350438
feel,affection,39,undirected,3.680494143
feel,awaken,43,undirected,3.678983297
feel,hopeless,18,undirected,3.6721015272
feel,shock,50,undirected,3.6719241593
feel,inspir,33,undirected,3.6718999752
feel,prais,39,undirected,3.6712490849
feel,insens,24,undirected,3.6709934938
feel,cheek,98,undirected,3.6645730345
feel,excit,105,undirected,3.6633342441
feel,disagre,21,undirected,3.6535853855
feel,dread,109,undirected,3.6518239636
feel,felt,312,undirected,3.6517572642
feel,sorrow,94,undirected,3.6503554533
feel,flatter,36,undirected,3.637239609
feel,ach,19,undirected,3.6371269139
feel,grief,49,undirected,3.6311836053
feel,resolut,57,undirected,3.6250299922
feel,blame,32,undirected,3.6243413516
feel,mental,31,undirected,3.6166612038
feel,happier,15,undirected,3.6147953046
feel,constant,53,undirected,3.6086042123
feel,sens,131,undirected,3.6078761845
feel,trembl,83,undirected,3.604525522
feel,wept,25,undirected,3.6033037967
feel,esteem,33,undirected,3.601859688
feel,delight,114,undirected,3.6002885026
feel,check,33,undirected,3.5984832075
feel,joy,91,undirected,3.5961399864
feel,tear,176,undirected,3.5929507868
feel,lover,50,undirected,3.5877766825
feel,calm,74,undirected,3.5869045837
feel,lest,34,undirected,3.5865259006
feel,cherish,21,undirected,3.574691443
feel,solitud,22,undirected,3.570780605
feel,friendship,40,undirected,3.5681610881
feel,unconsci,35,undirected,3.5681610881
feel,unusu,29,undirected,3.5646940217
feel,pleasur,146,undirected,3.5578176051
feel,recal,26,undirected,3.5446434606
feel,distress,61,undirected,3.5418560332
feel,almost,206,undirected,3.5398922361
feel,angri,39,undirected,3.5374621012
feel,motionless,12,undirected,3.5345593416
feel,abstract,13,undirected,3.5312204403
feel,nervous,26,undirected,3.5259012788
feel,sad,71,undirected,3.5123940788
feel,idea,126,undirected,3.5045115368
feel,compos,24,undirected,3.5017695187
feel,warm,64,undirected,3.499318108
feel,urg,33,undirected,3.4990955501
feel,explan,26,undirected,3.4919997271
feel,caress,20,undirected,3.4919997271
feel,indulg,47,undirected,3.4891668641
feel,exert,39,undirected,3.4877353284
feel,confus,44,undirected,3.4814495162
feel,infinit,20,undirected,3.4804005913
feel,temptat,20,undirected,3.4787545004
feel,grace,112,undirected,3.4760560767
feel,saw,266,undirected,3.4741154949
feel,selfish,28,undirected,3.4731312428
feel,kneel,13,undirected,3.471694461
feel,prefer,44,undirected,3.4710094513
feel,assert,20,undirected,3.4705644464
feel,cold,102,undirected,3.4697011784
feel,kind,243,undirected,3.4696183249
feel,strength,55,undirected,3.4662729119
feel,anxious,72,undirected,3.4655020599
feel,knew,248,undirected,3.4653420913
feel,chang,142,undirected,3.4592099043
feel,piti,76,undirected,3.4587855462
feel,thought,565,undirected,3.4581827415
feel,belief,21,undirected,3.4530843109
feel,longer,92,undirected,3.4522217557
feel,defer,15,undirected,3.4442683243
feel,fatigu,22,undirected,3.4417676017
feel,cruel,28,undirected,3.4386846684
feel,bend,19,undirected,3.43406189
feel,attent,112,undirected,3.419402249
feel,neglect,31,undirected,3.418429534
feel,feel,366,undirected,3.4154941631
feel,sourc,18,undirected,3.4153816804
feel,real,57,undirected,3.4111476305
feel,weari,46,undirected,3.4019735755
feel,begin,70,undirected,3.3966895473
feel,lip,93,undirected,3.3960380815
feel,rous,29,undirected,3.3956451608
feel,varieti,14,undirected,3.3902170328
feel,happi,209,undirected,3.3891783175
feel,love,433,undirected,3.387771492
feel,burst,44,undirected,3.374890319
feel,comfort,107,undirected,3.3745628919
feel,knelt,10,undirected,3.3727363063
feel,admir,98,undirected,3.3719516849
feel,wish,278,undirected,3.365356512
feel,excess,18,undirected,3.3652039308
feel,capabl,21,undirected,3.3640393796
feel,spirit,145,undirected,3.3581522925
feel,partial,20,undirected,3.3565950901
feel,consol,27,undirected,3.354925236
feel,futur,58,undirected,3.3537381601
feel,weep,24,undirected,3.3534462441
feel,someth,184,undirected,3.3412710447
feel,bent,31,undirected,3.3406178539
feel,awok,11,undirected,3.340449829
feel,divid,13,undirected,3.3400492682
feel,impati,47,undirected,3.3384571349
feel,endur,36,undirected,3.3370557113
feel,envi,14,undirected,3.3358103106
feel,sought,34,undirected,3.3328196989
feel,usual,82,undirected,3.3298670511
feel,much,499,undirected,3.3250484174
feel,faint,53,undirected,3.3249940229
feel,possibl,125,undirected,3.3244534559
feel,sob,29,undirected,3.3231788576
feel,imagin,83,undirected,3.3228163078
feel,fear,166,undirected,3.3189242646
feel,total,17,undirected,3.3162355709
feel,delic,31,undirected,3.3114718928
feel,repent,16,undirected,3.3114157902
feel,mind,312,undirected,3.3113711982
feel,attract,34,undirected,3.3104954977
feel,notic,64,undirected,3.3101122923
feel,yet,303,undirected,3.308853428
feel,resign,20,undirected,3.3082902451
feel,earnest,60,undirected,3.3082902451
feel,contrast,20,undirected,3.3082902451
feel,crimson,11,undirected,3.3071561009
feel,even,401,undirected,3.3058754901
feel,sigh,54,undirected,3.3050592245
feel,depend,41,undirected,3.3049468334
feel,hope,270,undirected,3.3039333864
feel,tri,141,undirected,3.3024154041
feel,listen,105,undirected,3.3012481942
feel,accept,49,undirected,3.2978437127
feel,flush,20,undirected,3.2972556504
feel,suffer,116,undirected,3.2970664624
feel,vaniti,22,undirected,3.2958848482
feel,sure,205,undirected,3.2931488684
feel,kiss,56,undirected,3.2895449099
feel,aunt,131,undirected,3.2889031078
feel,whatev,48,undirected,3.2850984819
feel,puzzl,13,undirected,3.2843603624
feel,sister,171,undirected,3.2822791962
feel,provok,17,undirected,3.2791045903
feel,lament,17,undirected,3.2775210587
feel,entreati,11,undirected,3.2773772256
feel,silent,76,undirected,3.2762518778
feel,assur,70,undirected,3.2761205932
feel,fond,48,undirected,3.2749860362
feel,perfect,92,undirected,3.2746701457
feel,handkerchief,14,undirected,3.2745868505
feel,plan,52,undirected,3.2745131721
feel,temper,38,undirected,3.2744860288
feel,frequent,41,undirected,3.2743999696
feel,help,111,undirected,3.2677756787
feel,spare,35,undirected,3.2677139713
feel,glad,90,undirected,3.2650117234
feel,vision,21,undirected,3.2581203607
feel,persuad,28,undirected,3.2565512406
feel,danc,43,undirected,3.2549991412
feel,alon,113,undirected,3.2505006011
feel,bedsid,9,undirected,3.2468772691
feel,refus,53,undirected,3.2467132137
feel,forgiv,36,undirected,3.2447057156
feel,gentl,68,undirected,3.2440679198
feel,exquisit,13,undirected,3.2415403652
feel,quit,194,undirected,3.2383969683
feel,offend,20,undirected,3.2373575088
feel,lone,17,undirected,3.2372055215
feel,recollect,53,undirected,3.2315725093
feel,eager,63,undirected,3.2312647909
feel,hide,17,undirected,3.2296354627
feel,ever,259,undirected,3.2292395407
feel,smile,147,undirected,3.2277185849
feel,sat,100,undirected,3.2250306963
feel,decid,40,undirected,3.2226089247
feel,often,119,undirected,3.2182802255
feel,ceas,29,undirected,3.2182067669
feel,lap,13,undirected,3.2159232008
feel,unlik,10,undirected,3.2143679905
feel,concern,60,undirected,3.2080747036
feel,entreat,18,undirected,3.205707509
feel,visitor,20,undirected,3.2043176547
feel,given,89,undirected,3.2040367953
feel,flew,12,undirected,3.2022364885
feel,wonder,116,undirected,3.2021648013
feel,hastili,33,undirected,3.2005369319
feel,letter,158,undirected,3.1980084855
feel,eye,374,undirected,3.1978546279
feel,seem,349,undirected,3.1945517432
feel,childhood,15,undirected,3.1943673238
feel,pleasant,50,undirected,3.1889365527
feel,sometim,83,undirected,3.1884798815
feel,believ,174,undirected,3.1828542481
feel,remembr,17,undirected,3.1824986073
feel,shine,19,undirected,3.1796250421
feel,gave,128,undirected,3.1752519959
feel,dare,64,undirected,3.1746830058
feel,husband,95,undirected,3.1724620542
feel,cousin,58,undirected,3.1712497838
feel,spoke,87,undirected,3.1676421761
feel,excus,30,undirected,3.1675036816
feel,determin,67,undirected,3.1655275739
feel,subsid,8,undirected,3.1644961605
feel,tast,50,undirected,3.1603007693
feel,curl,21,undirected,3.1600729529
feel,ray,15,undirected,3.1571160532
feel,life,257,undirected,3.1553422196
feel,voic,171,undirected,3.1544142146
feel,hid,10,undirected,3.1484100228
feel,cheer,46,undirected,3.1483072426
feel,watch,94,undirected,3.1459483903
feel,droop,9,undirected,3.142386697
feel,patient,28,undirected,3.1411751969
feel,imag,19,undirected,3.1406018403
feel,read,123,undirected,3.1337000875
feel,afraid,48,undirected,3.1334515388
feel,never,429,undirected,3.1331903107
feel,mourn,26,undirected,3.1302096825
feel,contain,20,undirected,3.1296741117
feel,hasti,10,undirected,3.1296741117
feel,simpl,29,undirected,3.1295941085
feel,reserv,20,undirected,3.1261998754
feel,past,54,undirected,3.1174606106
feel,walk,133,undirected,3.1100332914
feel,gone,109,undirected,3.109424576
feel,dearest,15,undirected,3.1090074749
feel,last,242,undirected,3.1062876608
feel,soft,58,undirected,3.1062682832
feel,look,539,undirected,3.1062284087
feel,marriag,44,undirected,3.1059130939
feel,insist,18,undirected,3.105226752
feel,treasur,12,undirected,3.1033417374
feel,quiet,80,undirected,3.0974270602
feel,chamber,41,undirected,3.0827477603
feel,away,214,undirected,3.0816659089
feel,alway,179,undirected,3.0669876201
feel,welcom,28,undirected,3.063779616
feel,daili,22,undirected,3.0615956707
feel,meant,35,undirected,3.0577466486
feel,finish,34,undirected,3.0512179471
feel,mother,262,undirected,3.0487503125
feel,belov,16,undirected,3.0470468475
feel,declin,17,undirected,3.046811267
feel,hate,29,undirected,3.0459885246
feel,hasten,24,undirected,3.0430495071
feel,wretch,28,undirected,3.0430495071
feel,introduc,20,undirected,3.0398630997
feel,absorb,12,undirected,3.0395096804
feel,home,191,undirected,3.036387997
feel,fever,14,undirected,3.0324673978
feel,forget,47,undirected,3.0317957309
feel,everi,298,undirected,3.0311260159
feel,seat,65,undirected,3.0303643476
feel,charm,46,undirected,3.0301816825
feel,expect,100,undirected,3.0288948396
feel,besid,64,undirected,3.0272180419
feel,long,254,undirected,3.0183936706
feel,must,339,undirected,3.0181931123
feel,fix,47,undirected,3.0158096
feel,stay,62,undirected,3.0132974817
feel,memori,31,undirected,3.0106361361
feel,fanci,63,undirected,3.010488491
feel,left,151,undirected,3.0072053599
feel,rest,96,undirected,3.0056375756
feel,tranquil,13,undirected,3.0045214674
feel,forgot,18,undirected,3.0013768107
feel,bright,49,undirected,2.9984656005
feel,awak,12,undirected,2.9962877412
feel,fault,24,undirected,2.9945971237
feel,madam,61,undirected,2.9910588626
feel,leisur,14,undirected,2.9897824779
feel,various,24,undirected,2.989542353
feel,style,17,undirected,2.9894434949
feel,seldom,16,undirected,2.9874437164
feel,dim,16,undirected,2.9836772336
feel,agreeabl,24,undirected,2.9820077841
feel,talk,124,undirected,2.9811741034
feel,wrote,23,undirected,2.9777018777
feel,hair,54,undirected,2.9723244881
feel,ignor,28,undirected,2.9712237725
feel,displeas,7,undirected,2.9669894684
feel,sunk,18,undirected,2.9668329861
feel,health,31,undirected,2.9639047263
feel,persist,9,undirected,2.963552502
feel,fade,14,undirected,2.9585742715
feel,dissip,9,undirected,2.9548567951
feel,littl,438,undirected,2.9543676779
feel,foolish,13,undirected,2.9523624061
feel,spent,19,undirected,2.9521264179
feel,draw,36,undirected,2.9499984859
feel,bath,12,undirected,2.9403521089
feel,wrap,8,undirected,2.937157218
feel,angel,20,undirected,2.9352451715
feel,father,245,undirected,2.934524226
feel,occasion,18,undirected,2.9323839392
feel,vain,38,undirected,2.930380934
feel,except,48,undirected,2.9229051953
feel,mistress,26,undirected,2.9229051953
feel,amus,31,undirected,2.9216886501
feel,sweet,52,undirected,2.9142346207
feel,bonnet,14,undirected,2.9135154549
feel,sit,64,undirected,2.9088534418
feel,pale,37,undirected,2.9077227174
feel,enjoy,42,undirected,2.9068620704
feel,went,152,undirected,2.9038476319
feel,prayer,28,undirected,2.902891185
feel,dress,64,undirected,2.9016122805
feel,arrang,35,undirected,2.8968329549
feel,amiabl,15,undirected,2.895608215
feel,autumn,9,undirected,2.8919429697
feel,interrupt,35,undirected,2.8900284273
feel,luxuri,14,undirected,2.8832698884
feel,visit,71,undirected,2.8769409836
feel,attend,46,undirected,2.8764224687
feel,uncl,64,undirected,2.8756885955
feel,pillow,15,undirected,2.8738155851
feel,world,123,undirected,2.8726478722
feel,afflict,13,undirected,2.8692199887
feel,improv,20,undirected,2.868738674
feel,care,120,undirected,2.8672503571
feel,sick,37,undirected,2.8668806327
feel,pleas,72,undirected,2.8599402386
feel,beauti,112,undirected,2.8562736
feel,pictur,31,undirected,2.8529795068
feel,sparkl,9,undirected,2.8481984207
feel,tend,8,undirected,2.8479552596
feel,room,168,undirected,2.845353666
feel,sunshin,12,undirected,2.8443149207
feel,spring,27,undirected,2.8430237649
feel,mrs,397,undirected,2.8409960829
feel,leav,127,undirected,2.8391552097
feel,miss,283,undirected,2.8351940165
feel,beam,9,undirected,2.8346716444
feel,play,51,undirected,2.8324160891
feel,tire,20,undirected,2.8310314449
feel,morn,109,undirected,2.8305420575
feel,woman,136,undirected,2.8297161212
feel,gay,16,undirected,2.8252393018
feel,girl,123,undirected,2.8242398449
feel,brilliant,12,undirected,2.8213254024
feel,librari,12,undirected,2.8184885211
feel,exclam,9,undirected,2.811900262
feel,guess,23,undirected,2.811247893
feel,somebodi,11,undirected,2.8079850301
feel,sink,12,undirected,2.8058212159
feel,wife,87,undirected,2.8055801068
feel,afternoon,20,undirected,2.8005206037
feel,messag,12,undirected,2.7988525466
feel,winter,20,undirected,2.7988525466
feel,stair,28,undirected,2.7964744242
feel,ask,171,undirected,2.7911822337
feel,shut,24,undirected,2.780276161
feel,think,286,undirected,2.774444243
feel,repos,12,undirected,2.7647195402
feel,thing,218,undirected,2.7604555082
feel,poor,140,undirected,2.7597463088
feel,footstep,9,undirected,2.7589198362
feel,fold,16,undirected,2.7580305521
feel,see,315,undirected,2.7551648209
feel,dear,153,undirected,2.7497511952
feel,child,114,undirected,2.7465875023
feel,tea,21,undirected,2.7447853253
feel,week,49,undirected,2.7327209074
feel,carriag,36,undirected,2.7325794196
feel,music,23,undirected,2.7302462232
feel,sake,26,undirected,2.7295178532
feel,daughter,64,undirected,2.7243540257
feel,till,111,undirected,2.7217246859
feel,household,12,undirected,2.7200927127
feel,eleg,17,undirected,2.7188098389
feel,widow,17,undirected,2.7142951586
feel,grave,34,undirected,2.7022063612
feel,persuas,5,undirected,2.7005166459
feel,sleep,37,undirected,2.6966049792
feel,spend,13,undirected,2.6862109104
feel,bird,14,undirected,2.671590767
feel,want,120,undirected,2.6686774746
feel,patienc,11,undirected,2.6499102119
feel,day,223,undirected,2.647974352
feel,marri,60,undirected,2.6423237444
feel,month,31,undirected,2.6410220098
feel,bed,45,undirected,2.6390038456
feel,rain,12,undirected,2.6387671312
feel,restless,8,undirected,2.6358129193
feel,earli,36,undirected,2.6336520306
feel,window,51,undirected,2.6335596902
feel,asleep,11,undirected,2.6330813357
feel,go,276,undirected,2.6311808526
feel,complain,7,undirected,2.6285071808
feel,wait,57,undirected,2.6107000695
feel,inquiri,14,undirected,2.6056774052
feel,wed,10,undirected,2.6054811536
feel,lesson,12,undirected,2.6050233829
feel,snatch,7,undirected,2.5757089953
feel,promis,50,undirected,2.5733118707
feel,bless,37,undirected,2.5649562035
feel,nice,13,undirected,2.5634764268
feel,studi,24,undirected,2.5619156731
feel,plead,9,undirected,2.5610028479
feel,chair,29,undirected,2.5579368255
feel,els,37,undirected,2.5333746314
feel,supper,10,undirected,2.525015881
feel,ill,68,undirected,2.5204041501
feel,shawl,7,undirected,2.5093863523
feel,candl,8,undirected,2.4925940886
feel,book,34,undirected,2.4915120325
feel,breakfast,16,undirected,2.4758636603
feel,domest,11,undirected,2.4537595669
feel,handsom,22,undirected,2.4452125063
feel,wipe,6,undirected,2.4407896774
feel,bell,20,undirected,2.4388498126
feel,yes,72,undirected,2.4290466003
feel,door,87,undirected,2.4233332888
feel,dinner,21,undirected,2.4077761759
feel,live,85,undirected,2.3990242103
feel,children,44,undirected,2.3845878845
feel,garden,17,undirected,2.3816913987
feel,bloom,5,undirected,2.3801422117
feel,frighten,9,undirected,2.3738269126
feel,servant,28,undirected,2.3419552648
feel,summer,13,undirected,2.3176934232
feel,nurs,12,undirected,2.3107839099
feel,scream,5,undirected,2.2721535737
feel,cottag,13,undirected,2.2689787278
feel,sofa,7,undirected,2.2598560459
feel,kitchen,10,undirected,2.2574977178
feel,furnitur,6,undirected,2.2408253213
feel,pretti,32,undirected,2.239832174
feel,brighten,3,undirected,2.2079842151
feel,refin,5,undirected,2.1675807697
feel,shade,9,undirected,2.1658092901
feel,nobodi,14,undirected,2.1513754029
feel,cup,5,undirected,2.1276102014
feel,ornament,4,undirected,2.0994748163
feel,paint,6,undirected,2.0878108761
feel,oh,51,undirected,2.0567595962
feel,flower,15,undirected,2.0537456271
feel,silk,5,undirected,2.0287443249
feel,neat,4,undirected,1.899368933
feel,daylight,2,undirected,1.8726114839
feel,brown,11,undirected,1.8220084967
feel,disord,2,undirected,1.5413389753
look,ca,40,undirected,7.4008219212
look,earnest,187,undirected,3.7487063078
look,pale,157,undirected,3.6567026182
look,anxious,171,undirected,3.6341515055
look,displeas,26,undirected,3.5828278654
look,displeasur,32,undirected,3.5780856066
look,eye,1074,undirected,3.5563961136
look,involuntarili,35,undirected,3.5355910773
look,motionless,24,undirected,3.5313585302
look,flush,50,undirected,3.5171983903
look,window,239,undirected,3.4818496175
look,saw,525,undirected,3.4576694568
look,droop,24,undirected,3.4268679581
look,smile,354,undirected,3.4102349193
look,plead,42,undirected,3.4050998969
look,blush,83,undirected,3.3960476846
look,unconsci,58,undirected,3.3769080452
look,eager,146,undirected,3.3753886943
look,cheek,145,undirected,3.3599913064
look,fix,133,undirected,3.3596631346
look,sad,122,undirected,3.3573872545
look,composur,25,undirected,3.3542680228
look,express,304,undirected,3.3312704883
look,spoke,204,undirected,3.3235060594
look,mourn,63,undirected,3.318899879
look,unusu,45,undirected,3.3077126896
look,sat,214,undirected,3.2894885334
look,entreati,22,undirected,3.2741764142
look,grave,119,undirected,3.2586213378
look,conscious,109,undirected,3.2504805665
look,stole,28,undirected,3.244919466
look,embarrass,41,undirected,3.2308219977
look,glow,52,undirected,3.2215158022
look,bent,55,undirected,3.2176158427
look,puzzl,24,undirected,3.2011168433
look,reproach,49,undirected,3.1899548807
look,clasp,46,undirected,3.1870853125
look,soft,125,undirected,3.177791018
look,chair,107,undirected,3.1671218381
look,anxieti,62,undirected,3.156945625
look,kiss,98,undirected,3.1528127059
look,tear,226,undirected,3.1466537992
look,bright,114,undirected,3.1464957589
look,recal,35,undirected,3.1455469922
look,exclam,25,undirected,3.1372035176
look,bedsid,16,undirected,3.1258934221
look,shawl,26,undirected,3.1252247494
look,brighten,15,undirected,3.1210741357
look,explan,36,undirected,3.1210741357
look,pictur,80,undirected,3.1046709451
look,abstract,17,undirected,3.103136435
look,lip,138,undirected,3.0943442816
look,timid,32,undirected,3.0917020573
look,bend,27,undirected,3.089111785
look,hastili,59,undirected,3.0852188224
look,agit,63,undirected,3.0850990332
look,percept,19,undirected,3.0845040828
look,sofa,32,undirected,3.0833338077
look,knelt,15,undirected,3.0818534225
look,hair,119,undirected,3.0661159427
look,vex,23,undirected,3.0594663263
look,remembr,30,undirected,3.054134653
look,sigh,84,undirected,3.0505439849
look,silent,121,undirected,3.0449610912
look,kneel,17,undirected,3.0436104557
look,tender,138,undirected,3.0343136263
look,soften,33,undirected,3.0302239824
look,calm,85,undirected,3.0291427551
look,spite,53,undirected,3.0290679964
look,angri,47,undirected,3.0277000649
look,trembl,93,undirected,3.0219364154
look,indign,53,undirected,3.0195817593
look,grace,142,undirected,3.0170362711
look,wonder,193,undirected,3.0149168072
look,frighten,34,undirected,3.006614868
look,seat,127,undirected,3.0038161722
look,curl,36,undirected,3.0027214617
look,fade,29,undirected,2.9904647799
look,dim,32,undirected,2.9804764222
look,caress,24,undirected,2.977973292
look,notic,92,undirected,2.9766697941
look,gentl,104,undirected,2.9726031218
look,rous,38,undirected,2.9695874986
look,curtain,26,undirected,2.968784866
look,affection,38,undirected,2.9581706647
look,voic,278,undirected,2.9440237799
look,provok,24,undirected,2.9275970847
look,felt,303,undirected,2.9261388899
look,draw,70,undirected,2.9186267976
look,hopeless,17,undirected,2.9185951214
look,inquiri,38,undirected,2.9078582434
look,neat,22,undirected,2.9077690333
look,bloom,17,undirected,2.9075696514
look,angel,39,undirected,2.9067265521
look,impati,61,undirected,2.9028354054
look,cheer,72,undirected,2.8999839732
look,sorrow,89,undirected,2.8993490488
look,lap,19,undirected,2.8990648306
look,distress,64,undirected,2.8935172605
look,faint,69,undirected,2.8924606221
look,handsom,69,undirected,2.8919285657
look,quiet,130,undirected,2.8865868841
look,brown,63,undirected,2.8708999584
look,sob,37,undirected,2.8704529483
look,admir,119,undirected,2.8697597074
look,emot,74,undirected,2.8660935323
look,piti,84,undirected,2.8625210128
look,disord,15,undirected,2.859894004
look,brilliant,25,undirected,2.8589465856
look,shade,36,undirected,2.8557556593
look,helpless,20,undirected,2.8557556593
look,finish,56,undirected,2.8538611213
look,book,98,undirected,2.8537709947
look,indiffer,44,undirected,2.8533450515
look,tire,41,undirected,2.8525232462
look,went,288,undirected,2.8465795993
look,sparkl,18,undirected,2.8449976093
look,meant,56,undirected,2.8314022859
look,chang,152,undirected,2.8309153756
look,vain,69,undirected,2.830553287
look,lest,32,undirected,2.8295532869
look,unpleas,15,undirected,2.8295532869
look,nervous,26,undirected,2.8295532869
look,anguish,28,undirected,2.8270932611
look,watch,137,undirected,2.8262865419
look,room,329,undirected,2.8210994454
look,forgot,30,undirected,2.8158544425
look,awok,13,undirected,2.8111559218
look,disappoint,67,undirected,2.8106896126
look,resent,26,undirected,2.8098546854
look,gave,178,undirected,2.8086572903
look,dress,117,undirected,2.8085551401
look,confus,45,undirected,2.8075743802
look,curios,44,undirected,2.8070804311
look,check,30,undirected,2.8068250358
look,pillow,28,undirected,2.8016219022
look,listen,127,undirected,2.7951269386
look,mortifi,14,undirected,2.7932736128
look,walk,194,undirected,2.7911943303
look,weari,50,undirected,2.7890071925
look,recollect,68,undirected,2.784440309
look,usual,95,undirected,2.7806767035
look,door,249,undirected,2.7785300747
look,crimson,13,undirected,2.7778621937
look,sympathi,47,undirected,2.777379969
look,repress,12,undirected,2.7763939186
look,happier,13,undirected,2.7753464691
look,almost,191,undirected,2.7679415034
look,fascin,14,undirected,2.7674808583
look,aunt,156,undirected,2.7672137999
look,stair,54,undirected,2.7569059687
look,bonnet,24,undirected,2.7561639637
look,sweet,89,undirected,2.7552792799
look,fold,32,undirected,2.7548297407
look,entreat,23,undirected,2.7544819751
look,sit,110,undirected,2.7541027323
look,sunshin,22,undirected,2.7541027323
look,regret,43,undirected,2.7531567224
look,contrast,23,undirected,2.7517041955
look,vexat,11,undirected,2.7511999727
look,pretti,107,undirected,2.7505771137
look,beauti,202,undirected,2.7496944341
look,someth,204,undirected,2.7481072891
look,look,752,undirected,2.7429011698
look,away,304,undirected,2.7363696034
look,fear,186,undirected,2.7363351581
look,chamber,58,undirected,2.7332707122
look,attent,113,undirected,2.7319432045
look,visitor,25,undirected,2.7311132141
look,asham,23,undirected,2.7283995082
look,wrap,13,undirected,2.7263170418
look,pleasant,63,undirected,2.7237002817
look,burst,46,undirected,2.7229940897
look,beam,16,undirected,2.7136877974
look,sunk,28,undirected,2.7123177465
look,vagu,14,undirected,2.7068562364
look,chill,16,undirected,2.7060395765
look,ask,315,undirected,2.7057433241
look,nice,30,undirected,2.7033764591
look,ardent,14,undirected,2.6917208124
look,danc,49,undirected,2.6892713317
look,wept,20,undirected,2.6838122535
look,excess,18,undirected,2.6688559388
look,see,578,undirected,2.6658180589
look,knew,223,undirected,2.6627371247
look,kitchen,30,undirected,2.6597620145
look,seem,408,undirected,2.6543990035
look,ceas,33,undirected,2.6510705064
look,help,120,undirected,2.6493892282
look,expect,137,undirected,2.6473575875
look,bed,91,undirected,2.6468528705
look,thought,503,undirected,2.6455991885
look,guess,39,undirected,2.6429673313
look,gratitud,32,undirected,2.6397169336
look,tranquil,18,undirected,2.6335958759
look,librari,20,undirected,2.6329661529
look,pain,105,undirected,2.6290617387
look,sooth,33,undirected,2.6268897082
look,last,299,undirected,2.6214455161
look,repent,16,undirected,2.6150677983
look,messag,20,undirected,2.6133301784
look,scream,14,undirected,2.6054249989
look,rest,129,undirected,2.6047537965
look,fanci,84,undirected,2.6018225716
look,resolut,41,undirected,2.5992027992
look,dare,72,undirected,2.5961180496
look,imag,22,undirected,2.5908573226
look,subsid,9,undirected,2.5859312042
look,shine,21,undirected,2.5833605087
look,carriag,62,undirected,2.5798468743
look,fond,48,undirected,2.5786380443
look,joy,66,undirected,2.57858723
look,subdu,16,undirected,2.5775207257
look,tri,137,undirected,2.5772884476
look,amus,44,undirected,2.5755430876
look,snatch,14,undirected,2.5725081839
look,futur,53,undirected,2.5672390712
look,besid,81,undirected,2.5664361213
look,madam,80,undirected,2.5658636412
look,simpl,33,undirected,2.5624578481
look,delight,81,undirected,2.5621912169
look,flower,50,undirected,2.5613704395
look,shock,33,undirected,2.5600607235
look,cousin,63,undirected,2.5575935077
look,littl,589,undirected,2.5542269593
look,blame,22,undirected,2.5532999103
look,assert,16,undirected,2.5510729032
look,miss,426,undirected,2.5478384732
look,exquisit,13,undirected,2.5451923733
look,concern,62,undirected,2.5445165345
look,sought,31,undirected,2.5440983869
look,offend,20,undirected,2.5410095169
look,dearest,17,undirected,2.5378226259
look,hide,17,undirected,2.5332874708
look,cold,80,undirected,2.5304070079
look,prais,25,undirected,2.5302152717
look,long,311,undirected,2.5245043238
look,weep,21,undirected,2.5235668596
look,read,134,undirected,2.5230075401
look,compos,18,undirected,2.5177394544
look,excit,67,undirected,2.5177185214
look,wipe,13,undirected,2.5176315737
look,left,185,undirected,2.5139333562
look,declin,20,undirected,2.5129822046
look,quit,188,undirected,2.5106327802
look,grief,32,undirected,2.5087512181
look,flew,12,undirected,2.5058884966
look,restless,14,undirected,2.4990807154
look,absorb,14,undirected,2.4973123683
look,kind,184,undirected,2.4951446473
look,yet,269,undirected,2.4934840102
look,gay,23,undirected,2.4917968035
look,father,315,undirected,2.4894906624
look,candl,16,undirected,2.4893932772
look,relief,21,undirected,2.4891011785
look,often,115,undirected,2.4877408688
look,asleep,19,undirected,2.4832770502
look,reviv,15,undirected,2.4816523545
look,sister,154,undirected,2.4812202502
look,occasion,23,undirected,2.4811584053
look,warmth,11,undirected,2.4788522642
look,interest,112,undirected,2.4784975495
look,persuas,8,undirected,2.4741722832
look,breakfast,32,undirected,2.4726628489
look,complain,12,undirected,2.4711556897
look,persist,11,undirected,2.4678752056
look,hope,234,undirected,2.4644845508
look,glad,81,undirected,2.4633032158
look,seldom,19,undirected,2.4629459814
look,mother,292,undirected,2.4608116191
look,hurt,21,undirected,2.4591794986
look,gratifi,18,undirected,2.4565374891
look,dislik,17,undirected,2.456382294
look,sometim,80,undirected,2.4553179165
look,determin,66,undirected,2.4541417046
look,pleasur,97,undirected,2.45257397
look,perfect,81,undirected,2.4509827314
look,interrupt,45,undirected,2.4449948636
look,desol,15,undirected,2.4418698611
look,decis,18,undirected,2.4369418262
look,comfort,84,undirected,2.4362028644
look,sens,81,undirected,2.4307800241
look,leisur,16,undirected,2.4269658786
look,begin,53,undirected,2.4221382269
look,past,54,undirected,2.4211126187
look,child,165,undirected,2.4199865359
look,pleas,93,undirected,2.4195256208
look,afraid,47,undirected,2.4160501377
look,imagin,67,undirected,2.4123203275
look,assur,59,undirected,2.4088148031
look,garden,35,undirected,2.4074781242
look,shut,33,undirected,2.4023819002
look,alon,97,undirected,2.401475769
look,love,323,undirected,2.3983380953
look,improv,25,undirected,2.3955342334
look,longer,64,undirected,2.3929682701
look,yes,139,undirected,2.3905064225
look,resign,16,undirected,2.3887987018
look,hate,30,undirected,2.3835420844
look,wretch,29,undirected,2.381792835
look,lover,30,undirected,2.3806030669
look,much,389,undirected,2.3796736734
look,memori,33,undirected,2.3768085012
look,mistress,30,undirected,2.369658047
look,prospect,23,undirected,2.3672629872
look,even,314,undirected,2.3649590568
look,irrit,13,undirected,2.3632035398
look,play,64,undirected,2.3631255478
look,fatigu,15,undirected,2.3624273575
look,delic,24,undirected,2.3591905267
look,husband,84,undirected,2.3530539695
look,ever,215,undirected,2.3467015152
look,vaniti,17,undirected,2.341707747
look,idea,79,undirected,2.3413294904
look,handkerchief,11,undirected,2.3370768018
look,forget,47,undirected,2.335447739
look,various,25,undirected,2.3340163557
look,arrang,40,undirected,2.3340163557
look,decid,33,undirected,2.3338890401
look,charm,46,undirected,2.3338336906
look,frequent,32,undirected,2.3302158138
look,till,150,undirected,2.3264817867
look,morn,132,undirected,2.325648106
look,wait,86,undirected,2.325648106
look,strength,35,undirected,2.3179397962
look,endur,26,undirected,2.3152853189
look,wish,195,undirected,2.314386965
look,inclin,27,undirected,2.3110940383
look,disagre,11,undirected,2.3106102286
look,indulg,29,undirected,2.3099671004
look,bitter,36,undirected,2.3078673106
look,spent,20,undirected,2.3070717204
look,attract,25,undirected,2.3066628061
look,except,52,undirected,2.306599911
look,happi,142,undirected,2.3063231312
look,exert,24,undirected,2.3058795207
look,envi,10,undirected,2.3029900821
look,bell,35,undirected,2.3021176086
look,urg,20,undirected,2.3019722703
look,whatev,36,undirected,2.3010684176
look,tea,27,undirected,2.2997517617
look,possibl,90,undirected,2.299601397
look,uncl,72,undirected,2.2971236393
look,forgiv,28,undirected,2.2970432954
look,unlik,8,undirected,2.2948764473
look,welcom,26,undirected,2.293323652
look,oppress,14,undirected,2.2905567862
look,vision,16,undirected,2.2898386533
look,dread,56,undirected,2.2894797801
look,heart,255,undirected,2.2893067227
look,shrink,10,undirected,2.2888341329
look,afternoon,24,undirected,2.2864941686
look,throb,9,undirected,2.2826063547
look,pride,36,undirected,2.2814983214
look,dear,192,undirected,2.280460654
look,feel,236,undirected,2.2803446428
look,eleg,22,undirected,2.2802909563
look,enjoy,45,undirected,2.27950695
look,divid,9,undirected,2.2759764962
look,gone,95,undirected,2.2756055935
look,spirit,98,undirected,2.2700380368
look,daili,20,undirected,2.269937499
look,stay,59,undirected,2.2673525486
look,reserv,17,undirected,2.267332954
look,awaken,21,undirected,2.2659576272
look,footstep,11,undirected,2.2632425398
look,think,343,undirected,2.2598348874
look,mental,16,undirected,2.2589147297
look,stronger,10,undirected,2.2533274444
look,never,357,undirected,2.2531211816
look,spring,30,undirected,2.2520362886
look,care,130,undirected,2.2509450728
look,dinner,36,undirected,2.2504246847
look,afflict,14,undirected,2.246979969
look,alway,158,undirected,2.2458488554
look,bath,12,undirected,2.2440041169
look,mrs,438,undirected,2.2429307206
look,studi,35,undirected,2.2428619124
look,given,68,undirected,2.2385601388
look,ray,12,undirected,2.23762451
look,furnitur,12,undirected,2.23762451
look,cherish,11,undirected,2.2317162861
look,rain,16,undirected,2.2301012118
look,bird,18,undirected,2.2265572033
look,insist,15,undirected,2.2265572033
look,sure,140,undirected,2.21543332
look,ornament,9,undirected,2.2140570406
look,girl,134,undirected,2.2135472975
look,hasten,21,undirected,2.2131701226
look,hasti,8,undirected,2.2101825685
look,reliev,19,undirected,2.2098162905
look,imposs,30,undirected,2.206014931
look,suffer,78,undirected,2.2038371061
look,patient,22,undirected,2.2036651481
look,letter,117,undirected,2.2012393954
look,mind,206,undirected,2.1998961872
look,lesson,16,undirected,2.1963574635
look,sleep,45,undirected,2.1960015644
look,insens,11,undirected,2.1944869444
look,ach,9,undirected,2.1935645202
look,lone,12,undirected,2.1925508354
look,talk,113,undirected,2.1919323646
look,sensat,16,undirected,2.1849807765
look,total,11,undirected,2.1845695077
look,affect,81,undirected,2.1785771017
look,els,52,undirected,2.1773524455
look,home,162,undirected,2.1753629122
look,leav,131,undirected,2.1738174545
look,sick,37,undirected,2.1705326407
look,warm,34,undirected,2.1704475573
look,prayer,27,undirected,2.1701755489
look,real,33,undirected,2.1682559322
look,supper,14,undirected,2.1651401257
look,oh,113,undirected,2.1559737902
look,partial,12,undirected,2.1494214745
look,repos,13,undirected,2.148414256
look,go,341,undirected,2.1463144723
look,cottag,23,undirected,2.1431755944
look,marri,72,undirected,2.1282973092
look,want,139,undirected,2.119311673
look,defer,8,undirected,2.119311673
look,awak,10,undirected,2.1176181925
look,certainti,6,undirected,2.1108728043
look,summer,21,undirected,2.1009185115
look,health,26,undirected,2.0916660679
look,marriag,32,undirected,2.0911113708
look,foolish,11,undirected,2.0889603296
look,convinc,26,undirected,2.0885005066
look,paint,12,undirected,2.0846100648
look,prefer,22,undirected,2.0815142788
look,autumn,8,undirected,2.0778119421
look,constant,23,undirected,2.0774585227
look,music,24,undirected,2.0764578457
look,sake,27,undirected,2.0709101892
look,consol,15,undirected,2.0707905792
look,excus,20,undirected,2.0656905815
look,believ,113,undirected,2.0548387757
look,everi,225,undirected,2.0537849397
look,agreeabl,19,undirected,2.052044941
look,winter,19,undirected,2.0512112603
look,servant,42,undirected,2.051072381
look,woman,125,undirected,2.0490269809
look,promis,58,undirected,2.0253838839
look,sink,11,undirected,2.022461847
look,cup,9,undirected,2.0190488744
look,dissip,7,undirected,2.0071943749
look,thing,204,undirected,1.9977324474
look,childhood,9,undirected,1.9871937082
look,introduc,14,undirected,1.9868401639
look,infinit,9,undirected,1.9855449032
look,solitud,9,undirected,1.9806147371
look,day,229,undirected,1.9781765921
look,belov,11,undirected,1.9760054062
look,cruel,13,undirected,1.9750815237
look,wife,75,undirected,1.9608121098
look,spare,19,undirected,1.960456897
look,must,235,undirected,1.9554305271
look,life,154,undirected,1.9468707452
look,style,12,undirected,1.9447888087
look,poor,124,undirected,1.9420374599
look,hid,6,undirected,1.9412364071
look,flatter,13,undirected,1.9223220361
look,silk,9,undirected,1.9201829979
look,somebodi,9,undirected,1.9109663428
look,belief,9,undirected,1.9094384586
look,sourc,8,undirected,1.9081034722
look,nobodi,22,undirected,1.9070125347
look,visit,54,undirected,1.9068971612
look,week,43,undirected,1.905752733
look,nurs,16,undirected,1.9021179905
look,fever,9,undirected,1.8942866536
look,fault,16,undirected,1.8927840237
look,attend,34,undirected,1.8777936049
look,refus,27,undirected,1.8759101742
look,sensibl,20,undirected,1.8595583761
look,varieti,6,undirected,1.8465711805
look,lament,8,undirected,1.8274012644
look,world,84,undirected,1.7949323237
look,wrote,14,undirected,1.7849169994
look,bless,34,undirected,1.7840508235
look,children,48,undirected,1.7752512696
look,earli,30,undirected,1.7549824819
look,delicaci,9,undirected,1.7489827247
look,ill,63,undirected,1.7476831794
look,contain,10,undirected,1.7401789392
look,temptat,7,undirected,1.732584384
look,ignor,16,undirected,1.7152599927
look,treasur,6,undirected,1.7138465649
look,neglect,11,undirected,1.6859896104
look,inspir,9,undirected,1.6762689992
look,daughter,45,undirected,1.6757854402
look,widow,12,undirected,1.6696404724
look,friendship,12,undirected,1.6678402919
look,depend,16,undirected,1.667615497
look,accept,19,undirected,1.6541144018
look,refin,6,undirected,1.6535543346
look,tast,22,undirected,1.6429722253
look,esteem,9,undirected,1.6062287119
look,daylight,3,undirected,1.5817286
look,amiabl,8,undirected,1.5706515637
look,month,21,undirected,1.5552092511
look,live,73,undirected,1.550484403
look,selfish,8,undirected,1.5240202824
look,plan,18,undirected,1.5172932195
look,luxuri,7,undirected,1.4937747159
look,tend,4,undirected,1.4584600871
look,domest,8,undirected,1.4389578439
look,capabl,6,undirected,1.4149284192
look,spend,7,undirected,1.3708237101
look,patienc,6,undirected,1.3474264164
look,temper,10,undirected,1.2431369702
look,persuad,6,undirected,1.0197582078
look,wed,3,undirected,0.7051603574
look,household,2,undirected,0.2319852516
mind,ca,19,undirected,7.4082366188
mind,imag,49,undirected,4.1434903399
mind,tranquil,37,undirected,4.1059972032
mind,remembr,38,undirected,4.0423786036
mind,idea,165,undirected,3.8296822844
mind,agit,59,undirected,3.7713569233
mind,vagu,19,undirected,3.7640930585
mind,recal,29,undirected,3.7093499332
mind,sooth,45,undirected,3.6888998091
mind,vision,29,undirected,3.6364009336
mind,compos,25,undirected,3.5980986939
mind,strength,59,undirected,3.5919843512
mind,unpleas,15,undirected,3.5814084594
mind,recollect,70,undirected,3.5652830184
mind,certainti,12,undirected,3.5558751574
mind,irrit,20,undirected,3.5458416284
mind,soften,26,undirected,3.5436681315
mind,relief,27,undirected,3.4922707793
mind,repos,22,undirected,3.4263625244
mind,abstract,11,undirected,3.4196735363
mind,awok,11,undirected,3.3959570096
mind,reliev,29,undirected,3.3845283138
mind,absorb,16,undirected,3.3826989335
mind,awaken,30,undirected,3.3744877436
mind,composur,12,undirected,3.3721540203
mind,anxieti,36,undirected,3.365185351
mind,sunk,25,undirected,3.3508442337
mind,confus,36,undirected,3.3362860014
mind,resign,19,undirected,3.3125041313
mind,stole,14,undirected,3.303627458
mind,reviv,16,undirected,3.2980460481
mind,oppress,18,undirected,3.293726387
mind,indulg,36,undirected,3.2780453814
mind,grief,32,undirected,3.2606063906
mind,restless,14,undirected,3.2509358879
mind,solitud,15,undirected,3.2432955334
mind,decis,19,undirected,3.24286422
mind,emot,50,undirected,3.2259066171
mind,tend,11,undirected,3.2219161713
mind,futur,48,undirected,3.2200033411
mind,memori,36,undirected,3.2156750507
mind,dissip,11,undirected,3.2110346711
mind,sensat,21,undirected,3.2087696645
mind,percept,10,undirected,3.1945053692
mind,sought,28,undirected,3.1941708651
mind,delic,26,undirected,3.191088407
mind,exert,27,undirected,3.1755177289
mind,calm,46,undirected,3.1669880676
mind,sourc,13,undirected,3.1454664605
mind,chang,98,undirected,3.143857506
mind,thought,389,undirected,3.1404435346
mind,delicaci,17,undirected,3.136826664
mind,insens,13,undirected,3.1133962016
mind,resolut,32,undirected,3.1032218078
mind,subsid,7,undirected,3.0864719485
mind,anguish,17,undirected,3.0799572675
mind,sens,73,undirected,3.0786454831
mind,resent,16,undirected,3.0762020422
mind,past,49,undirected,3.0758040428
mind,shock,26,undirected,3.0735048726
mind,lament,13,undirected,3.0647642527
mind,displeasur,9,undirected,3.0614294537
mind,possibl,90,undirected,3.0514565696
mind,conscious,42,undirected,3.048657475
mind,fatigu,14,undirected,3.0452896585
mind,distress,35,undirected,3.0418374111
mind,sleep,49,undirected,3.0330145453
mind,pain,74,undirected,3.0310216543
mind,sensibl,30,undirected,3.0168786567
mind,entreati,8,undirected,3.0144306751
mind,varieti,9,undirected,3.0038914612
mind,inspir,16,undirected,3.0034883166
mind,weep,16,undirected,3.0034883166
mind,afflict,14,undirected,2.9988351415
mind,whatev,34,undirected,2.9957651763
mind,beam,10,undirected,2.9955393407
mind,disord,8,undirected,2.9831405171
mind,rous,18,undirected,2.9742282694
mind,mourn,21,undirected,2.9721427629
mind,tender,61,undirected,2.9697889778
mind,belov,14,undirected,2.9690226355
mind,regret,25,undirected,2.9626876041
mind,hasti,8,undirected,2.962037741
mind,gratifi,14,undirected,2.9570782334
mind,indiffer,23,undirected,2.956504806
mind,fear,109,undirected,2.9537915391
mind,belief,12,undirected,2.9489757036
mind,consol,17,undirected,2.9478088947
mind,fix,41,undirected,2.9347412457
mind,felt,144,undirected,2.9340745565
mind,contrast,13,undirected,2.9330145096
mind,imagin,53,undirected,2.9297747942
mind,convinc,28,undirected,2.9144636513
mind,amus,29,undirected,2.9105044562
mind,lover,24,undirected,2.9093146881
mind,affection,17,undirected,2.9056530216
mind,unconsci,17,undirected,2.9015335513
mind,sorrow,42,undirected,2.9002374699
mind,stronger,9,undirected,2.8998221013
mind,repent,10,undirected,2.8969193416
mind,bedsid,6,undirected,2.8969193416
mind,vexat,6,undirected,2.8969193416
mind,cherish,10,undirected,2.8882612789
mind,interrupt,33,undirected,2.8866951078
mind,ardent,8,undirected,2.883960197
mind,anxious,38,undirected,2.8819292812
mind,interest,79,undirected,2.8813017032
mind,forgot,15,undirected,2.8745624345
mind,temper,24,undirected,2.8704608801
mind,awak,10,undirected,2.869473365
mind,dread,47,undirected,2.8661308637
mind,check,15,undirected,2.8655330278
mind,timid,12,undirected,2.8627279769
mind,sink,12,undirected,2.8613283965
mind,subdu,10,undirected,2.859372269
mind,tast,35,undirected,2.859133006
mind,inclin,22,undirected,2.8581547982
mind,puzzl,8,undirected,2.8543597272
mind,mortifi,7,undirected,2.8519816048
mind,excit,44,undirected,2.8490707085
mind,suffer,70,undirected,2.847478694
mind,plan,32,undirected,2.844512537
mind,daylight,5,undirected,2.8444093964
mind,bitter,29,undirected,2.8434993747
mind,earli,42,undirected,2.843309891
mind,total,10,undirected,2.8411145005
mind,repress,6,undirected,2.8351019106
mind,concern,39,undirected,2.8327989681
mind,dim,13,undirected,2.8315450494
mind,constant,23,undirected,2.8293136953
mind,affect,73,undirected,2.8264425608
mind,lest,15,undirected,2.8237227577
mind,determin,45,undirected,2.8230046249
mind,reproach,16,undirected,2.8225784773
mind,exquisit,8,undirected,2.81153973
mind,refin,9,undirected,2.8108746153
mind,spite,20,undirected,2.8063635289
mind,health,25,undirected,2.8043005273
mind,bent,17,undirected,2.7953511741
mind,fanci,48,undirected,2.7940619562
mind,chamber,29,undirected,2.7919787042
mind,usual,45,undirected,2.7853174742
mind,imposs,25,undirected,2.7755485468
mind,brighten,5,undirected,2.7743170195
mind,capabl,11,undirected,2.7729193953
mind,dislik,11,undirected,2.7729193953
mind,pictur,27,undirected,2.7703363489
mind,impati,25,undirected,2.7626925387
mind,fault,18,undirected,2.7624222319
mind,improv,17,undirected,2.7617269252
mind,dearest,10,undirected,2.7590495474
mind,various,18,undirected,2.7573674612
mind,accept,27,undirected,2.7573674612
mind,vex,8,undirected,2.7552688246
mind,happier,6,undirected,2.7540117534
mind,gay,14,undirected,2.7472150898
mind,aunt,72,undirected,2.7458790842
mind,ignor,21,undirected,2.7390488807
mind,wonder,69,undirected,2.7381882954
mind,listen,56,undirected,2.7281467154
mind,amiabl,12,undirected,2.7279718444
mind,tri,75,undirected,2.7266508079
mind,esteem,13,undirected,2.7258086646
mind,longer,42,undirected,2.7236099775
mind,mental,12,undirected,2.7230878298
mind,gentl,38,undirected,2.717653555
mind,hope,142,undirected,2.7168456656
mind,express,77,undirected,2.7099033813
mind,trembl,32,undirected,2.7069279976
mind,rest,67,undirected,2.7014891841
mind,hasten,16,undirected,2.6930915796
mind,feel,168,undirected,2.6923319897
mind,enjoy,32,undirected,2.6904355355
mind,prefer,19,undirected,2.6867659771
mind,quiet,50,undirected,2.6829306116
mind,sweet,39,undirected,2.6820597289
mind,decid,22,undirected,2.6802791045
mind,knew,107,undirected,2.6802493602
mind,almost,82,undirected,2.6742424952
mind,cheer,27,undirected,2.6710098927
mind,earnest,30,undirected,2.6706502451
mind,often,65,undirected,2.6690511829
mind,saw,112,undirected,2.664625238
mind,happi,95,undirected,2.6562281377
mind,hastili,18,undirected,2.6499083089
mind,eleg,15,undirected,2.6491538766
mind,seem,191,undirected,2.6472604297
mind,friendship,15,undirected,2.6428390157
mind,spirit,67,undirected,2.6416183501
mind,marriag,26,undirected,2.6353271786
mind,gratitud,15,undirected,2.6338864044
mind,delight,41,undirected,2.6331693015
mind,caress,8,undirected,2.6312161759
mind,faint,25,undirected,2.6290851149
mind,spent,13,undirected,2.6281439769
mind,sat,52,undirected,2.6266114095
mind,charm,29,undirected,2.6243432966
mind,sympathi,19,undirected,2.623526519
mind,never,243,undirected,2.6203020157
mind,blush,18,undirected,2.6194340072
mind,persuad,14,undirected,2.6189112407
mind,plead,9,undirected,2.6165100285
mind,persist,6,undirected,2.6135945745
mind,leisur,9,undirected,2.6034569063
mind,luxuri,10,undirected,2.6023048324
mind,even,186,undirected,2.5931679171
mind,daili,13,undirected,2.5910097554
mind,brilliant,9,undirected,2.5891505106
mind,yet,139,undirected,2.5851017363
mind,ray,8,undirected,2.5840145744
mind,defer,6,undirected,2.5834847731
mind,fade,9,undirected,2.5722486998
mind,embarrass,10,undirected,2.5716901966
mind,alon,54,undirected,2.5676040096
mind,left,92,undirected,2.5672212808
mind,desol,8,undirected,2.5651163742
mind,sad,26,undirected,2.5633179204
mind,silent,35,undirected,2.5563737796
mind,unusu,10,undirected,2.5554904654
mind,watch,49,undirected,2.5499810868
mind,prospect,13,undirected,2.5485733013
mind,attract,15,undirected,2.5476923548
mind,urg,12,undirected,2.5430018191
mind,asham,9,undirected,2.5419850422
mind,comfort,44,undirected,2.541430872
mind,music,18,undirected,2.5406309458
mind,lone,8,undirected,2.5389408998
mind,sometim,41,undirected,2.5387185211
mind,someth,78,undirected,2.5385512944
mind,gave,64,undirected,2.5376119959
mind,persuas,4,undirected,2.5328802752
mind,admir,40,undirected,2.5313708409
mind,neglect,12,undirected,2.5248561599
mind,nervous,9,undirected,2.5205364988
mind,attent,43,undirected,2.517610674
mind,blame,10,undirected,2.5166977224
mind,indign,15,undirected,2.5091952193
mind,shade,12,undirected,2.5089985432
mind,grace,40,undirected,2.5019438402
mind,sparkl,6,undirected,2.4982404932
mind,spoke,42,undirected,2.4949108564
mind,disappoint,23,undirected,2.4933463817
mind,motionless,4,undirected,2.4914542335
mind,fascin,5,undirected,2.4897166136
mind,reserv,10,undirected,2.4885598755
mind,arrang,22,undirected,2.4880345274
mind,explan,9,undirected,2.4866349471
mind,long,141,undirected,2.4853264745
mind,pleasur,47,undirected,2.4798657657
mind,piti,27,undirected,2.4793962525
mind,snatch,6,undirected,2.4770654961
mind,librari,8,undirected,2.4685305936
mind,expect,54,undirected,2.4682158808
mind,real,21,undirected,2.468125981
mind,cruel,10,undirected,2.4645724318
mind,forget,25,undirected,2.4560311347
mind,assur,29,undirected,2.4504283617
mind,much,196,undirected,2.4460641615
mind,everi,157,undirected,2.4457855154
mind,pride,20,undirected,2.445566829
mind,leav,81,undirected,2.4449244585
mind,divid,5,undirected,2.4400450038
mind,read,58,undirected,2.4374659233
mind,flush,8,undirected,2.4364720991
mind,patient,13,undirected,2.4294272248
mind,wish,103,undirected,2.4279715672
mind,love,156,undirected,2.4223969519
mind,glow,11,undirected,2.420022529
mind,angri,12,undirected,2.4143142855
mind,curios,14,undirected,2.4138032993
mind,husband,42,undirected,2.4117619615
mind,footstep,6,undirected,2.4089619088
mind,afraid,22,undirected,2.4088001619
mind,wretch,14,undirected,2.4054095072
mind,madam,32,undirected,2.4014280819
mind,hide,7,undirected,2.3978394483
mind,quit,79,undirected,2.3954938424
mind,selfish,9,undirected,2.3936584906
mind,ceas,12,undirected,2.3913247673
mind,frequent,16,undirected,2.3889238057
mind,pleasant,21,undirected,2.3769431656
mind,heart,131,undirected,2.3750956732
mind,lesson,9,undirected,2.3728484911
mind,sister,65,undirected,2.3705100902
mind,sigh,20,undirected,2.3673146321
mind,prais,10,undirected,2.3657797124
mind,eager,25,undirected,2.36251307
mind,partial,7,undirected,2.3622801463
mind,wait,42,undirected,2.3608256005
mind,sunshin,7,undirected,2.3608256005
mind,unlik,4,undirected,2.3535844393
mind,book,28,undirected,2.3528631987
mind,involuntarili,5,undirected,2.3415361008
mind,last,106,undirected,2.3362962094
mind,childhood,6,undirected,2.3335837726
mind,infinit,6,undirected,2.3319349676
mind,studi,18,undirected,2.3297407813
mind,attend,25,undirected,2.3221640777
mind,beauti,62,undirected,2.3204162943
mind,joy,24,undirected,2.3188414908
mind,letter,62,undirected,2.3180550181
mind,till,70,undirected,2.3161969072
mind,messag,7,undirected,2.3153632265
mind,els,28,undirected,2.3101684096
mind,kind,72,undirected,2.3087301812
mind,domest,9,undirected,2.3085960521
mind,excus,12,undirected,2.3067201303
mind,simpl,12,undirected,2.3027121089
mind,cousin,23,undirected,2.3018081698
mind,shut,14,undirected,2.2967868409
mind,wrote,11,undirected,2.2956101152
mind,care,64,undirected,2.2941488783
mind,endur,12,undirected,2.2939506032
mind,vain,19,undirected,2.2927409341
mind,fond,17,undirected,2.29250555
mind,mistress,13,undirected,2.2852651953
mind,tear,45,undirected,2.2846364622
mind,exclam,5,undirected,2.2796207777
mind,seat,29,undirected,2.2787800883
mind,ever,94,undirected,2.2712134419
mind,sit,32,undirected,2.2712134419
mind,cheek,23,undirected,2.2706069524
mind,believ,66,undirected,2.2689608716
mind,weari,14,undirected,2.2678966892
mind,bed,29,undirected,2.2551443665
mind,carriag,21,undirected,2.2490900995
mind,day,141,undirected,2.2450696515
mind,except,23,undirected,2.2427055809
mind,eye,136,undirected,2.2417608968
mind,morn,57,undirected,2.2377526238
mind,warm,17,undirected,2.2291555493
mind,shawl,5,undirected,2.2284212963
mind,knelt,3,undirected,2.2242706826
mind,refus,18,undirected,2.2223002386
mind,finish,14,undirected,2.2194219327
mind,seldom,7,undirected,2.2162723238
mind,littl,198,undirected,2.2159229788
mind,bloom,4,undirected,2.212505841
mind,depend,13,undirected,2.2118313047
mind,walk,51,undirected,2.2070169765
mind,dare,23,undirected,2.206801319
mind,woman,69,undirected,2.2066749207
mind,look,206,undirected,2.1998961872
mind,went,71,undirected,2.1981541688
mind,mrs,197,undirected,2.1957707115
mind,soft,22,undirected,2.1923749066
mind,danc,14,undirected,2.1883635357
mind,welcom,11,undirected,2.1849775593
mind,away,82,undirected,2.1779163218
mind,lip,26,undirected,2.177042307
mind,talk,52,undirected,2.167643437
mind,spring,13,undirected,2.167643437
mind,gone,40,undirected,2.1624633285
mind,flew,4,undirected,2.1591313804
mind,week,26,undirected,2.1545043279
mind,glad,28,undirected,2.1529137438
mind,life,89,undirected,2.150409685
mind,wed,6,undirected,2.1501627105
mind,mother,100,undirected,2.1410831753
mind,assert,5,undirected,2.1397772659
mind,envi,4,undirected,2.1385545228
mind,ach,4,undirected,2.1344894765
mind,hate,11,undirected,2.1320951481
mind,shrink,4,undirected,2.1243985735
mind,complain,4,undirected,2.1243985735
mind,miss,131,undirected,2.1204516227
mind,bath,5,undirected,2.1203905521
mind,forgiv,11,undirected,2.1145892306
mind,hurt,7,undirected,2.1124223825
mind,voic,57,undirected,2.1113091065
mind,see,156,undirected,2.10795537
mind,door,60,undirected,2.107276913
mind,bright,19,undirected,2.1065914622
mind,besid,24,undirected,2.1018959695
mind,must,128,undirected,2.0997304494
mind,smile,45,undirected,2.0994556685
mind,patienc,6,undirected,2.0992815889
mind,room,75,undirected,2.0943849807
mind,dress,27,undirected,2.0940732438
mind,live,59,undirected,2.0894175783
mind,wife,40,undirected,2.0840586229
mind,sick,16,undirected,2.0840586229
mind,asleep,6,undirected,2.0824527128
mind,father,98,undirected,2.0737406748
mind,visit,30,undirected,2.0709656688
mind,spare,10,undirected,2.0704581834
mind,supper,6,undirected,2.0696974378
mind,given,27,undirected,2.0667444722
mind,grave,17,undirected,2.0645663613
mind,crimson,3,undirected,2.0633802974
mind,draw,14,undirected,2.0610440577
mind,flatter,7,undirected,2.0551380003
mind,window,27,undirected,2.0530781041
mind,foolish,5,undirected,2.0523581417
mind,disagre,4,undirected,2.0508644895
mind,promis,28,undirected,2.049000556
mind,ask,77,undirected,2.0488312797
mind,play,22,undirected,2.0471400904
mind,meant,12,undirected,2.0428124175
mind,pleas,30,undirected,2.0399786818
mind,marri,31,undirected,2.0374735672
mind,kiss,15,undirected,2.0277506009
mind,frighten,6,undirected,2.0238689851
mind,girl,52,undirected,2.0188063887
mind,widow,8,undirected,2.0160305368
mind,sure,54,undirected,2.0146301164
mind,pillow,6,undirected,2.0130320338
mind,wrap,3,undirected,2.0118351456
mind,dear,69,undirected,2.0089269591
mind,style,6,undirected,2.0034968007
mind,rain,6,undirected,2.0011271313
mind,home,64,undirected,1.9985048329
mind,fold,7,undirected,1.9868591595
mind,perfect,24,undirected,1.9864425796
mind,sofa,5,undirected,1.9788909898
mind,alway,57,undirected,1.9781602627
mind,think,122,undirected,1.9779806575
mind,begin,16,undirected,1.9762902081
mind,handsom,13,undirected,1.9746265911
mind,month,15,undirected,1.970592187
mind,inquiri,7,undirected,1.9680374053
mind,go,134,undirected,1.9641269675
mind,paint,5,undirected,1.9609965
mind,cottag,9,undirected,1.9567611283
mind,chair,15,undirected,1.9541983773
mind,daughter,28,undirected,1.9531826331
mind,agreeabl,8,undirected,1.9389026761
mind,child,48,undirected,1.9370972454
mind,hopeless,3,undirected,1.9358492386
mind,throb,3,undirected,1.9358492386
mind,bend,4,undirected,1.9314244526
mind,hair,18,undirected,1.9292193801
mind,prayer,10,undirected,1.9287789484
mind,guess,9,undirected,1.9284854351
mind,notic,15,undirected,1.9147865907
mind,clasp,6,undirected,1.9020585578
mind,introduc,6,undirected,1.891397476
mind,occasion,6,undirected,1.8892788312
mind,want,52,undirected,1.887936631
mind,provok,4,undirected,1.887692788
mind,summer,8,undirected,1.887692788
mind,thing,86,undirected,1.8858149223
mind,visitor,5,undirected,1.8735304742
mind,vaniti,5,undirected,1.8697874879
mind,candl,4,undirected,1.8549540886
mind,curtain,4,undirected,1.8488378616
mind,autumn,3,undirected,1.8488378616
mind,nice,6,undirected,1.8457937192
mind,burst,9,undirected,1.843432443
mind,bless,17,undirected,1.8427588155
mind,tire,7,undirected,1.8367165011
mind,fever,4,undirected,1.8352116099
mind,world,41,undirected,1.8295427641
mind,wept,4,undirected,1.8262295136
mind,pretti,20,undirected,1.8253357253
mind,winter,7,undirected,1.8045376027
mind,wipe,3,undirected,1.8031496774
mind,garden,9,undirected,1.8012098126
mind,bell,10,undirected,1.8012098126
mind,mind,65,undirected,1.7982624609
mind,yes,36,undirected,1.7914066003
mind,displeas,2,undirected,1.7697336805
mind,entreat,4,undirected,1.7571372928
mind,pale,11,undirected,1.7502072582
mind,help,23,undirected,1.7492468739
mind,cold,17,undirected,1.7334488898
mind,sake,9,undirected,1.7241530731
mind,poor,47,undirected,1.7237586686
mind,breakfast,7,undirected,1.7046922677
mind,bird,5,undirected,1.6974785304
mind,offend,4,undirected,1.683426777
mind,nurs,6,undirected,1.67314391
mind,declin,4,undirected,1.6553994647
mind,ill,27,undirected,1.6522404915
mind,afternoon,6,undirected,1.65205498
mind,sob,5,undirected,1.6208281206
mind,kitchen,5,undirected,1.6198577178
mind,dinner,9,undirected,1.6159854962
mind,angel,5,undirected,1.604457991
mind,hid,2,undirected,1.5944792909
mind,stay,14,undirected,1.5807276068
mind,silk,3,undirected,1.5734258817
mind,warmth,2,undirected,1.5259593445
mind,servant,11,undirected,1.4631532081
mind,ornament,2,undirected,1.4618348163
mind,brown,7,undirected,1.4255305536
mind,shine,3,undirected,1.3893055322
mind,chill,2,undirected,1.3784532074
mind,insist,3,undirected,1.3689744634
mind,treasur,2,undirected,1.3670894487
mind,tea,5,undirected,1.3652079806
mind,uncl,13,undirected,1.3372620503
mind,oh,23,undirected,1.31593536
mind,stair,6,undirected,1.3115365639
mind,contain,3,undirected,1.2880613074
mind,spend,3,undirected,1.2753810223
mind,curl,3,undirected,1.2696699845
mind,cup,2,undirected,1.2668266502
mind,temptat,2,undirected,1.231676588
mind,excess,2,undirected,1.223486534
mind,flower,6,undirected,1.1929620758
mind,somebodi,2,undirected,1.1587441185
mind,bonnet,2,undirected,1.0231124865
mind,droop,1,undirected,1.0006693002
mind,household,2,undirected,0.9838404241
mind,kneel,1,undirected,0.9622522841
mind,children,10,undirected,0.9584905242
mind,nobodi,4,undirected,0.954119615
mind,lap,1,undirected,0.706481024
mind,handkerchief,1,undirected,0.6910367015
mind,helpless,1,undirected,0.6118785583
mind,furnitur,1,undirected,0.5045730327
see,ca,74,undirected,8.2020869046
see,displeasur,29,undirected,3.6657248781
see,footstep,35,undirected,3.6067746728
see,displeas,22,undirected,3.6018531251
see,bend,35,undirected,3.5347023247
see,curios,75,undirected,3.526458255
see,vex,30,undirected,3.5112488363
see,dim,45,undirected,3.5074823535
see,exclam,30,undirected,3.5056044187
see,anxious,124,undirected,3.4988488589
see,unusu,45,undirected,3.4937920339
see,bedsid,19,undirected,3.4838230233
see,blush,74,undirected,3.4673515143
see,messag,39,undirected,3.4672388953
see,look,1287,undirected,3.4663133978
see,stole,28,undirected,3.4309988103
see,window,187,undirected,3.4225740267
see,pictur,91,undirected,3.4195831612
see,vision,41,undirected,3.416901342
see,anxieti,66,undirected,3.4055453263
see,glad,172,undirected,3.4024278822
see,pale,100,undirected,3.3917063431
see,eye,751,undirected,3.3847358346
see,recollect,102,undirected,3.3759847614
see,motionless,17,undirected,3.3725973882
see,bent,53,undirected,3.3666539153
see,ach,24,undirected,3.3604731175
see,flush,35,undirected,3.3466027907
see,watch,191,undirected,3.3446583885
see,carriag,110,undirected,3.3392721993
see,hastili,63,undirected,3.3368954492
see,remembr,33,undirected,3.3355241771
see,agit,67,undirected,3.3327362705
see,knelt,16,undirected,3.3324712879
see,belov,35,undirected,3.3195375392
see,composur,20,undirected,3.3172038158
see,throb,21,undirected,3.3159835594
see,felt,370,undirected,3.3119884344
see,faint,87,undirected,3.3103415804
see,cheek,114,undirected,3.3055353566
see,mortifi,19,undirected,3.2847346067
see,stair,75,undirected,3.2714893799
see,imag,36,undirected,3.269413152
see,garden,68,undirected,3.2577171122
see,door,333,undirected,3.2552990125
see,walk,256,undirected,3.25459296
see,persist,20,undirected,3.2517915506
see,earnest,94,undirected,3.2469718175
see,hasten,49,undirected,3.2465473272
see,danc,71,undirected,3.2462102549
see,saw,352,undirected,3.2439817141
see,chamber,80,undirected,3.2409336806
see,impati,71,undirected,3.2407207626
see,sad,90,undirected,3.2392552244
see,express,228,undirected,3.2296677602
see,wish,404,undirected,3.2288816287
see,partial,29,undirected,3.2178899989
see,grace,144,undirected,3.2171018574
see,room,405,undirected,3.215008106
see,subsid,14,undirected,3.2138433008
see,chang,185,undirected,3.2134700242
see,lest,39,undirected,3.2134583745
see,tear,200,undirected,3.2105155107
see,kiss,86,undirected,3.2082718678
see,droop,16,undirected,3.2074821942
see,cousin,100,undirected,3.2057083116
see,pleasur,169,undirected,3.1938410507
see,asleep,32,undirected,3.1906533181
see,joy,101,undirected,3.1901323491
see,indiffer,51,undirected,3.1870603946
see,fanci,125,undirected,3.1853988543
see,reviv,25,undirected,3.1785573225
see,trembl,90,undirected,3.1752259369
see,sit,139,undirected,3.1741756439
see,eager,99,undirected,3.1729812671
see,pain,150,undirected,3.1718160269
see,dinner,75,undirected,3.1704732041
see,seldom,32,undirected,3.1703222493
see,kneel,16,undirected,3.1690651781
see,afternoon,48,undirected,3.1657206934
see,percept,17,undirected,3.159357792
see,sob,41,undirected,3.1591864467
see,anguish,32,undirected,3.146703998
see,timid,28,undirected,3.144250009
see,shock,49,undirected,3.1414528044
see,expect,186,undirected,3.1392026797
see,confus,52,undirected,3.1382349533
see,embarrass,31,undirected,3.1373164798
see,entreat,28,undirected,3.1372716136
see,spite,49,undirected,3.1366757252
see,resolut,58,undirected,3.1321530873
see,morn,245,undirected,3.1301837382
see,rous,37,undirected,3.1289985959
see,shine,30,undirected,3.126114797
see,smile,221,undirected,3.125180052
see,delight,118,undirected,3.124506031
see,knew,293,undirected,3.1218173066
see,fix,87,undirected,3.1213014694
see,wrap,16,undirected,3.1200357509
see,admir,126,undirected,3.1129974655
see,unlik,15,undirected,3.109564451
see,sunshin,26,undirected,3.1072361613
see,sister,239,undirected,3.106810544
see,vexat,13,undirected,3.1043334016
see,went,308,undirected,3.0997982464
see,aunt,180,undirected,3.0963939878
see,imagin,110,undirected,3.0941874182
see,pleas,151,undirected,3.0902853087
see,hasti,16,undirected,3.0894090933
see,ever,372,undirected,3.0810366856
see,distress,64,undirected,3.0795966048
see,curtain,24,undirected,3.0748215026
see,recal,27,undirected,3.072115141
see,daili,37,undirected,3.0712024823
see,hope,356,undirected,3.0701735106
see,frighten,30,undirected,3.0675310693
see,dislik,26,undirected,3.0673448322
see,daylight,11,undirected,3.0670909285
see,determin,101,undirected,3.0656868237
see,thought,634,undirected,3.0631373171
see,chair,80,undirected,3.0623989826
see,wonder,168,undirected,3.062269942
see,dress,125,undirected,3.0607742869
see,ask,372,undirected,3.0581438839
see,frequent,55,undirected,3.0578924405
see,involuntarili,18,undirected,3.056694118
see,never,661,undirected,3.055218584
see,amus,59,undirected,3.0549702419
see,improv,40,undirected,3.051617207
see,shawl,20,undirected,3.0489398292
see,tender,116,undirected,3.0467294765
see,lip,109,undirected,3.044517823
see,alon,153,undirected,3.0432820562
see,restless,20,undirected,3.0418350036
see,reproach,35,undirected,3.0395619883
see,notic,81,undirected,3.035409716
see,hurt,31,undirected,3.0347236097
see,bloom,16,undirected,3.0330243739
see,visit,138,undirected,3.031246144
see,fold,35,undirected,3.0305212437
see,caress,21,undirected,3.0305212437
see,gentl,91,undirected,3.0251510735
see,dread,97,undirected,3.0249184122
see,emot,72,undirected,3.0247739025
see,sat,136,undirected,3.0222467484
see,fear,205,undirected,3.0196778078
see,infinit,21,undirected,3.0189221078
see,handkerchief,18,undirected,3.0156326312
see,varieti,16,undirected,3.0134797778
see,beauti,218,undirected,3.0120011438
see,disappoint,68,undirected,3.0115840427
see,miss,562,undirected,3.0109803211
see,affection,33,undirected,3.0031714108
see,prospect,36,undirected,3.001367054
see,angri,38,undirected,3.0012179672
see,seat,105,undirected,2.9996687802
see,weep,28,undirected,2.9973282763
see,candl,22,undirected,2.9939263526
see,offend,26,undirected,2.9894531256
see,absorb,19,undirected,2.9887733621
see,sink,24,undirected,2.9886997488
see,last,354,undirected,2.9763782001
see,leisur,23,undirected,2.9759507166
see,piti,78,undirected,2.9744923849
see,someth,212,undirected,2.9726529142
see,grave,74,undirected,2.9696422822
see,unconsci,32,undirected,2.9682802818
see,forgot,29,undirected,2.9680322352
see,draw,61,undirected,2.967084764
see,madam,99,undirected,2.9650362009
see,idea,122,undirected,2.961982027
see,vagu,15,undirected,2.9619284522
see,declin,26,undirected,2.9614258134
see,except,83,undirected,2.9602761445
see,long,399,undirected,2.9597521728
see,cottag,43,undirected,2.9549608385
see,fascin,14,undirected,2.9535602026
see,glow,33,undirected,2.9528589894
see,yet,353,undirected,2.9513200318
see,gone,155,undirected,2.9512331631
see,conscious,67,undirected,2.9499046479
see,voic,232,undirected,2.9492193821
see,sigh,63,undirected,2.9489412567
see,compos,23,undirected,2.9489412567
see,ardent,15,undirected,2.9467930282
see,awak,19,undirected,2.9455514229
see,fade,23,undirected,2.9447425101
see,left,236,undirected,2.9434886805
see,meant,52,undirected,2.943373658
see,abstract,12,undirected,2.940909085
see,bright,77,undirected,2.9401820766
see,plan,62,undirected,2.940135191
see,till,230,undirected,2.9400051458
see,often,150,undirected,2.9395233789
see,brown,56,undirected,2.939196267
see,subdu,19,undirected,2.935450327
see,usual,92,undirected,2.9346677333
see,almost,187,undirected,2.9328560365
see,wait,131,undirected,2.9325774772
see,go,621,undirected,2.9318424212
see,fatigu,22,undirected,2.931498954
see,gratifi,24,undirected,2.9302989059
see,scream,16,undirected,2.9250357358
see,spoke,113,undirected,2.9188532286
see,day,487,undirected,2.9187980559
see,real,58,undirected,2.9182707256
see,excit,83,undirected,2.9179458541
see,reliev,32,undirected,2.9171925584
see,home,282,undirected,2.9157529922
see,much,552,undirected,2.9157217203
see,calm,63,undirected,2.9157055693
see,pillow,26,undirected,2.9135932744
see,health,49,undirected,2.9114691723
see,pleasant,63,undirected,2.909779626
see,father,398,undirected,2.9094493732
see,away,300,undirected,2.909203721
see,listen,118,undirected,2.9077038209
see,breakfast,41,undirected,2.9065783571
see,soft,79,undirected,2.9050044775
see,agreeabl,37,undirected,2.9046032188
see,explan,24,undirected,2.9016883718
see,rain,26,undirected,2.9016883718
see,letter,195,undirected,2.8981443634
see,somebodi,20,undirected,2.8955533833
see,past,72,undirected,2.8948740354
see,excus,38,undirected,2.893623812
see,regret,41,undirected,2.8916080177
see,silent,86,undirected,2.8895971861
see,relief,26,undirected,2.8887546231
see,gave,160,undirected,2.8881268996
see,crimson,12,undirected,2.8838988303
see,ray,19,undirected,2.8832361836
see,concern,72,undirected,2.8801276127
see,repress,11,undirected,2.8754618859
see,decid,47,undirected,2.8736084246
see,mother,365,undirected,2.8700345147
see,asham,22,undirected,2.8700270899
see,introduc,28,undirected,2.8660666887
see,wretch,39,undirected,2.8641379954
see,sunk,27,undirected,2.8620294466
see,urg,29,undirected,2.859615171
see,shade,30,undirected,2.8595134468
see,besid,90,undirected,2.8578759812
see,arrang,56,undirected,2.8565679366
see,hair,80,undirected,2.8550984286
see,els,85,undirected,2.8548393277
see,sometim,99,undirected,2.8544904763
see,guess,40,undirected,2.8543644836
see,lover,40,undirected,2.8543644836
see,entreati,12,undirected,2.8541199549
see,possibl,130,undirected,2.8534055215
see,lap,15,undirected,2.8487553968
see,accept,52,undirected,2.8469984855
see,contrast,21,undirected,2.8468117616
see,kitchen,30,undirected,2.8458413588
see,sorrow,70,undirected,2.8452872654
see,stronger,15,undirected,2.8448718968
see,bell,50,undirected,2.8448718968
see,spring,45,undirected,2.843580741
see,littl,651,undirected,2.8403897621
see,clasp,27,undirected,2.8403601263
see,mind,324,undirected,2.8388428785
see,gay,27,undirected,2.8382187979
see,suffer,122,undirected,2.8372286684
see,beam,15,undirected,2.8352286205
see,assur,75,undirected,2.834844817
see,want,236,undirected,2.8347488892
see,visitor,23,undirected,2.8338109494
see,handsom,54,undirected,2.8328854519
see,fault,34,undirected,2.8326351704
see,stay,86,undirected,2.8302417452
see,awok,11,undirected,2.8301811814
see,snatch,15,undirected,2.8275803997
see,even,414,undirected,2.827511389
see,husband,112,undirected,2.8268153863
see,blame,24,undirected,2.8263906316
see,patient,34,undirected,2.8250625637
see,lament,18,undirected,2.8244108249
see,inquiri,29,undirected,2.8236472579
see,hid,12,undirected,2.8204629319
see,heart,360,undirected,2.8202265532
see,indulg,40,undirected,2.8176300688
see,promis,106,undirected,2.8144593117
see,grief,36,undirected,2.8126135981
see,bed,89,undirected,2.810709078
see,quiet,100,undirected,2.8103019639
see,dare,74,undirected,2.809596368
see,bonnet,21,undirected,2.8087119154
see,dear,270,undirected,2.8074665852
see,ceas,32,undirected,2.806378192
see,care,188,undirected,2.8059319295
see,attend,71,undirected,2.8001923016
see,sofa,20,undirected,2.7994095227
see,tri,142,undirected,2.7992139237
see,read,146,undirected,2.7948537062
see,mistress,38,undirected,2.7921261693
see,constant,39,undirected,2.7916052972
see,interest,127,undirected,2.7902651089
see,vaniti,22,undirected,2.7856162006
see,oppress,19,undirected,2.78201778
see,uncl,97,undirected,2.7812478431
see,mrs,620,undirected,2.7765106326
see,imposs,44,undirected,2.7750865276
see,check,24,undirected,2.7697608288
see,burst,40,undirected,2.7693114916
see,foolish,18,undirected,2.7675161589
see,comfort,97,undirected,2.7661763884
see,attent,97,undirected,2.7653457085
see,soften,21,undirected,2.7643182029
see,rest,125,undirected,2.7593344738
see,chill,14,undirected,2.7585875282
see,inclin,35,undirected,2.7566845781
see,prais,26,undirected,2.7555153292
see,desol,17,undirected,2.7531123483
see,envi,13,undirected,2.7514336908
see,autumn,13,undirected,2.7493991022
see,total,16,undirected,2.7453423015
see,sake,44,undirected,2.7453423015
see,fond,47,undirected,2.7436639794
see,leav,192,undirected,2.7421948476
see,nobodi,42,undirected,2.7397190439
see,disagre,14,undirected,2.7378516297
see,complain,13,undirected,2.7372777416
see,excess,16,undirected,2.7371522475
see,refus,53,undirected,2.736444566
see,forgiv,36,undirected,2.734437068
see,pride,47,undirected,2.7342063289
see,sensat,23,undirected,2.7339656145
see,delicaci,20,undirected,2.7335697652
see,girl,187,undirected,2.7328954587
see,belief,17,undirected,2.7315065696
see,help,108,undirected,2.7301080569
see,memori,39,undirected,2.7299419301
see,shut,38,undirected,2.7295398428
see,mourn,29,undirected,2.7291403269
see,consol,24,undirected,2.7268735527
see,dearest,17,undirected,2.7239019702
see,sourc,15,undirected,2.7227914759
see,simpl,32,undirected,2.7177655337
see,feel,303,undirected,2.7163249876
see,librari,18,undirected,2.7136849816
see,neat,15,undirected,2.7108561254
see,persuad,27,undirected,2.7099149488
see,supper,20,undirected,2.7078944139
see,spirit,126,undirected,2.7074318094
see,quit,190,undirected,2.7072942338
see,flower,48,undirected,2.7066277893
see,given,90,undirected,2.7049414482
see,servant,67,undirected,2.7041747264
see,finish,40,undirected,2.703468229
see,must,412,undirected,2.7029477066
see,tranquil,16,undirected,2.7018921845
see,sick,52,undirected,2.696937791
see,curl,22,undirected,2.6963243209
see,see,493,undirected,2.6928327085
see,irrit,15,undirected,2.6923837277
see,angel,26,undirected,2.6873407883
see,plead,17,undirected,2.686722967
see,longer,71,undirected,2.6828444081
see,talk,153,undirected,2.6810618115
see,play,73,undirected,2.6807812499
see,warm,47,undirected,2.6803139787
see,convinc,39,undirected,2.680044959
see,affect,111,undirected,2.6797374927
see,sleep,60,undirected,2.6697629812
see,hopeless,11,undirected,2.6693563945
see,earli,62,undirected,2.6669988295
see,seem,342,undirected,2.6640219105
see,charm,53,undirected,2.6615635519
see,persuas,8,undirected,2.6602516275
see,winter,29,undirected,2.6601474554
see,shrink,12,undirected,2.6572350339
see,love,347,undirected,2.6560898963
see,fever,16,undirected,2.6557301428
see,welcom,31,undirected,2.6552936627
see,nervous,18,undirected,2.6479078511
see,sure,179,undirected,2.6472560475
see,afraid,49,undirected,2.6438021784
see,style,20,undirected,2.6416937767
see,disord,10,undirected,2.6405082401
see,hate,32,undirected,2.6341599498
see,sensibl,36,undirected,2.6334243853
see,sought,28,undirected,2.6283950368
see,woman,185,undirected,2.627148413
see,sparkl,12,undirected,2.6256118455
see,believ,166,undirected,2.6255180897
see,tea,31,undirected,2.6239814445
see,nice,23,undirected,2.6237526377
see,forget,52,undirected,2.6226232001
see,silk,15,undirected,2.6170879659
see,cheer,45,undirected,2.6160596882
see,sooth,27,undirected,2.612298357
see,think,405,undirected,2.6120708516
see,everi,326,undirected,2.6106612632
see,interrupt,44,undirected,2.6086013521
see,week,72,undirected,2.6072980807
see,happi,159,undirected,2.6054796201
see,flew,11,undirected,2.6049564639
see,yes,143,undirected,2.6049564639
see,thing,307,undirected,2.5925395454
see,cruel,20,undirected,2.5919437841
see,kind,168,undirected,2.5902522134
see,begin,52,undirected,2.5891693762
see,month,49,undirected,2.5885864558
see,delic,25,undirected,2.5860918656
see,certainti,8,undirected,2.5846342211
see,book,62,undirected,2.5820172454
see,alway,183,undirected,2.5788193195
see,occasion,21,undirected,2.5762659714
see,provok,14,undirected,2.5746799283
see,wife,115,undirected,2.5743354689
see,exquisit,11,undirected,2.5642176329
see,ignor,31,undirected,2.5627378192
see,perfect,75,undirected,2.5601010346
see,weari,33,undirected,2.5595710928
see,paint,16,undirected,2.5583714815
see,lesson,19,undirected,2.5542870647
see,wrote,25,undirected,2.550814839
see,enjoy,49,undirected,2.5507441026
see,tire,25,undirected,2.5439063486
see,childhood,13,undirected,2.5409978326
see,wipe,11,undirected,2.5366568333
see,solitud,13,undirected,2.5344188615
see,indign,27,undirected,2.531206056
see,defer,10,undirected,2.5285345686
see,pretti,71,undirected,2.5265075006
see,vain,42,undirected,2.520195745
see,various,25,undirected,2.5200956999
see,neglect,21,undirected,2.5186961196
see,bird,20,undirected,2.5179970633
see,capabl,15,undirected,2.5172984953
see,repent,12,undirected,2.5134650702
see,sweet,58,undirected,2.513165265
see,puzzl,10,undirected,2.5117274503
see,resign,15,undirected,2.510339525
see,luxuri,16,undirected,2.5065326334
see,furnitur,13,undirected,2.5037465619
see,awaken,22,undirected,2.4985569871
see,cold,63,undirected,2.4775944439
see,child,145,undirected,2.4768541487
see,happier,8,undirected,2.4759179976
see,tast,42,undirected,2.4756787345
see,strength,34,undirected,2.4750316037
see,futur,40,undirected,2.4719059561
see,world,137,undirected,2.470175795
see,insens,12,undirected,2.4675776657
see,eleg,22,undirected,2.4663703006
see,bitter,35,undirected,2.4657757779
see,selfish,17,undirected,2.4638714291
see,live,151,undirected,2.463384143
see,temptat,12,undirected,2.457660229
see,sens,69,undirected,2.4565167183
see,tend,9,undirected,2.4554696476
see,reserv,17,undirected,2.4534122983
see,hide,13,undirected,2.4511028285
see,daughter,81,undirected,2.4496514494
see,exert,23,undirected,2.4493992505
see,resent,15,undirected,2.4458876928
see,mental,16,undirected,2.444994074
see,helpless,11,undirected,2.4439980028
see,oh,125,undirected,2.4429790531
see,flatter,18,undirected,2.4338237808
see,wed,14,undirected,2.4316847426
see,poor,167,undirected,2.425829051
see,depend,28,undirected,2.4133106292
see,attract,23,undirected,2.4093605414
see,repos,14,undirected,2.4086015724
see,gratitud,21,undirected,2.4045828128
see,brilliant,13,undirected,2.3910994625
see,unpleas,8,undirected,2.3870239718
see,marri,77,undirected,2.3815159564
see,patienc,14,undirected,2.3808036211
see,spare,24,undirected,2.3801510925
see,domest,17,undirected,2.3788089906
see,endur,23,undirected,2.3787623411
see,decis,14,undirected,2.3717067422
see,friendship,20,undirected,2.3647452599
see,assert,11,undirected,2.362458798
see,nurs,21,undirected,2.3601310503
see,wept,12,undirected,2.359065974
see,afflict,13,undirected,2.3589513411
see,warmth,8,undirected,2.3464778774
see,bless,49,undirected,2.3355899413
see,summer,22,undirected,2.3335178714
see,life,187,undirected,2.3271061039
see,amiabl,14,undirected,2.3163466959
see,widow,19,undirected,2.315252146
see,prefer,23,undirected,2.3120453856
see,marriag,33,undirected,2.3079623738
see,esteem,15,undirected,2.30313368
see,sympathi,24,undirected,2.2913655419
see,spent,16,undirected,2.2700075134
see,contain,14,undirected,2.2627305201
see,music,24,undirected,2.26253719
see,bath,10,undirected,2.2477619044
see,whatev,28,undirected,2.2358333336
see,cherish,9,undirected,2.217124935
see,brighten,5,undirected,2.2085411913
see,children,61,undirected,2.2010034672
see,dissip,7,undirected,2.1932737192
see,inspir,12,undirected,2.1500304159
see,studi,26,undirected,2.1316897332
see,refin,8,undirected,2.1273157514
see,temper,20,undirected,2.122363495
see,prayer,21,undirected,2.1049404649
see,insist,10,undirected,2.0071714395
see,ill,65,undirected,1.9650150672
see,cup,7,undirected,1.9538137904
see,treasur,6,undirected,1.8999259092
see,divid,5,undirected,1.8742691756
see,lone,7,undirected,1.8396336789
see,ornament,5,undirected,1.81234972
see,household,8,undirected,1.804358957
see,spend,8,undirected,1.690434447
think,ca,81,undirected,8.4083312161
think,absorb,55,undirected,4.1675278183
think,abstract,29,undirected,3.9391585153
think,displeas,27,undirected,3.9225077878
think,unlik,27,undirected,3.813211366
think,blame,52,undirected,3.7154407699
think,blush,82,undirected,3.6858659184
think,involuntarili,30,undirected,3.6833799918
think,fanci,180,undirected,3.665902218
think,vexat,20,undirected,3.6509765678
think,asleep,45,undirected,3.6474401551
think,unconsci,56,undirected,3.6437563198
think,sad,119,undirected,3.6344292973
think,sigh,110,undirected,3.6221471462
think,remembr,39,undirected,3.6184385118
think,stole,30,undirected,3.6158519318
think,wonder,260,undirected,3.6148478437
think,recal,41,undirected,3.6057105917
think,composur,23,undirected,3.5728260082
think,bitter,92,undirected,3.5480765436
think,awok,20,undirected,3.5438784322
think,sometim,175,undirected,3.5400168501
think,recollect,107,undirected,3.5397010326
think,tri,264,undirected,3.5351962193
think,guess,69,undirected,3.5154517841
think,lover,69,undirected,3.5154517841
think,check,45,undirected,3.5142297383
think,imag,40,undirected,3.4906339177
think,regret,66,undirected,3.4835509431
think,lest,45,undirected,3.4724194682
think,unpleas,21,undirected,3.4679651179
think,forgot,42,undirected,3.4542662735
think,vex,25,undirected,3.4447875296
think,inclin,62,undirected,3.4443311517
think,pain,175,undirected,3.4418269568
think,grace,160,undirected,3.4383226231
think,plead,32,undirected,3.4351057758
think,disagre,25,undirected,3.433530375
think,idea,174,undirected,3.4328765315
think,defer,22,undirected,3.432852179
think,confus,62,undirected,3.4299858698
think,fault,55,undirected,3.429468081
think,timid,33,undirected,3.4244133104
think,possibl,204,undirected,3.4198513149
think,imposs,74,undirected,3.4108222369
think,mind,511,undirected,3.410329203
think,mourn,51,undirected,3.4095303797
think,felt,363,undirected,3.408748513
think,much,796,undirected,3.3976331099
think,prais,44,undirected,3.3974686751
think,resolut,67,undirected,3.3922629462
think,wept,30,undirected,3.3912169559
think,disappoint,88,undirected,3.385273402
think,restless,25,undirected,3.380838805
think,convinc,70,undirected,3.380838805
think,shrink,22,undirected,3.3792310876
think,hasti,19,undirected,3.3771196003
think,futur,88,undirected,3.3762235665
think,knew,335,undirected,3.3716354794
think,asham,32,undirected,3.3605807894
think,love,625,undirected,3.3603770162
think,dislik,31,undirected,3.3590957488
think,past,102,undirected,3.3590409798
think,alon,186,undirected,3.3544510586
think,rous,41,undirected,3.347513
think,mortifi,18,undirected,3.3465276355
think,kneel,17,undirected,3.34555005
think,sleep,105,undirected,3.3452390192
think,sat,167,undirected,3.3434459252
think,affection,41,undirected,3.3360961661
think,throb,19,undirected,3.3317603509
think,warmth,19,undirected,3.3273355649
think,chill,22,undirected,3.326432902
think,smile,240,undirected,3.3235165239
think,urg,41,undirected,3.3217516578
think,flew,20,undirected,3.3186537147
think,entreati,17,undirected,3.3182868993
think,knelt,14,undirected,3.3148001454
think,whatev,73,undirected,3.3099485146
think,feel,488,undirected,3.308767838
think,vaniti,33,undirected,3.3069415588
think,explan,32,undirected,3.3052306944
think,dread,114,undirected,3.3022661322
think,trembl,91,undirected,3.3021360232
think,relief,35,undirected,3.3018663966
think,repress,15,undirected,3.3014770643
think,pretti,137,undirected,3.2996687994
think,wish,386,undirected,3.2991643702
think,aunt,195,undirected,3.2922969456
think,spoke,146,undirected,3.2909322816
think,often,189,undirected,3.2864953499
think,pleasur,165,undirected,3.2857480598
think,tear,192,undirected,3.2855537663
think,meant,65,undirected,3.2823774594
think,agreeabl,48,undirected,3.2807465671
think,chamber,74,undirected,3.2788323892
think,curl,35,undirected,3.2764901791
think,selfish,34,undirected,3.2728788597
think,gratifi,30,undirected,3.2693027073
think,eager,97,undirected,3.2684326455
think,anxieti,51,undirected,3.2635764671
think,solitud,24,undirected,3.2633835844
think,persist,18,undirected,3.262291285
think,compos,28,undirected,3.261511801
think,silent,111,undirected,3.2606403413
think,mental,32,undirected,3.2540015046
think,begin,90,undirected,3.2535955781
think,spite,49,undirected,3.2525359753
think,heart,494,undirected,3.252518289
think,messag,28,undirected,3.2517420094
think,pleas,158,undirected,3.251460755
think,sake,65,undirected,3.2514001875
think,foolish,26,undirected,3.2511011891
think,never,716,undirected,3.2510051611
think,decis,30,undirected,3.2497070443
think,displeasur,17,undirected,3.2475026422
think,belov,29,undirected,3.2473455577
think,grave,87,undirected,3.2473455577
think,marri,163,undirected,3.2473209854
think,someth,248,undirected,3.2453556357
think,sorrow,93,undirected,3.2452517666
think,angri,43,undirected,3.2406921732
think,flush,28,undirected,3.2393194894
think,help,160,undirected,3.2390108951
think,sure,288,undirected,3.2386909718
think,reproach,38,undirected,3.2376603366
think,caress,23,undirected,3.237353272
think,forgiv,53,undirected,3.2370702931
think,saw,311,undirected,3.2360037007
think,emot,79,undirected,3.233415886
think,interest,176,undirected,3.2324222675
think,cheer,74,undirected,3.2293225417
think,pictur,67,undirected,3.2292765241
think,pleasant,77,undirected,3.2263105715
think,prefer,51,undirected,3.2242370525
think,weari,57,undirected,3.2219750493
think,indiffer,47,undirected,3.2212426136
think,hopeless,17,undirected,3.2205347158
think,embarrass,30,undirected,3.2203869071
think,els,109,undirected,3.2193962035
think,clasp,35,undirected,3.2157315719
think,care,252,undirected,3.2147793042
think,offend,29,undirected,3.2145126676
think,agit,53,undirected,3.2141958147
think,contrast,27,undirected,3.21398644
think,charm,82,undirected,3.2138511357
think,ask,387,undirected,3.2135349727
think,anxious,83,undirected,3.2132681511
think,notic,86,undirected,3.2111681077
think,cruel,33,undirected,3.2085793221
think,sister,235,undirected,3.2057927562
think,fix,84,undirected,3.2020703996
think,sob,38,undirected,3.1990607897
think,hope,359,undirected,3.1944254183
think,temper,52,undirected,3.1937351901
think,happi,255,undirected,3.1936992131
think,imagin,108,undirected,3.1916985296
think,glad,124,undirected,3.1910752211
think,joy,90,undirected,3.1906817526
think,impati,60,undirected,3.1882456978
think,seldom,29,undirected,3.1877424266
think,lone,24,undirected,3.1876376103
think,resent,28,undirected,3.1859022519
think,away,352,undirected,3.184912672
think,chang,160,undirected,3.1841482644
think,soft,93,undirected,3.1840163682
think,thought,637,undirected,3.1837182683
think,daylight,11,undirected,3.1829511785
think,weep,30,undirected,3.1821813979
think,tranquil,23,undirected,3.1806579283
think,conscious,75,undirected,3.1785603921
think,reliev,37,undirected,3.1782348183
think,gone,173,undirected,3.1769598907
think,went,296,undirected,3.1759181679
think,sweet,100,undirected,3.1737526905
think,listen,137,undirected,3.1728603723
think,excess,22,undirected,3.1714662287
think,desol,23,undirected,3.1712534703
think,believ,255,undirected,3.1706540965
think,anguish,29,undirected,3.1641241752
think,gentl,93,undirected,3.1627513102
think,look,846,undirected,3.1626237999
think,cheek,88,undirected,3.1625339728
think,quit,266,undirected,3.1596267205
think,husband,139,undirected,3.1586506982
think,forget,79,undirected,3.1566875841
think,beauti,224,undirected,3.1550123829
think,admir,117,undirected,3.1547497434
think,crimson,14,undirected,3.1539097602
think,amus,58,undirected,3.1537360586
think,fond,63,undirected,3.1525113541
think,happier,14,undirected,3.1513940356
think,earnest,76,undirected,3.1502706256
think,sensat,31,undirected,3.1483188531
think,kiss,72,undirected,3.1464509406
think,irrit,21,undirected,3.1447162144
think,prospect,37,undirected,3.1446262783
think,comfort,126,undirected,3.1436075669
think,seem,492,undirected,3.14355014
think,insens,21,undirected,3.1430537037
think,sympathi,50,undirected,3.1411949671
think,perfect,119,undirected,3.1375966642
think,indulg,49,undirected,3.1364311629
think,tender,113,undirected,3.1363873542
think,constant,49,undirected,3.1357241993
think,envi,17,undirected,3.1355579275
think,unusu,28,undirected,3.1351943044
think,awaken,37,undirected,3.1342926964
think,plan,67,undirected,3.1335536754
think,temptat,21,undirected,3.133136267
think,vain,69,undirected,3.1324928813
think,read,182,undirected,3.1311140216
think,consol,32,undirected,3.1304158752
think,grief,44,undirected,3.1291445436
think,attent,124,undirected,3.1267765457
think,shock,43,undirected,3.126692872
think,concern,82,undirected,3.126040991
think,even,496,undirected,3.1240815919
think,afternoon,41,undirected,3.1239519993
think,except,87,undirected,3.1232039054
think,determin,95,undirected,3.1203034485
think,reviv,21,undirected,3.1200641854
think,finish,54,undirected,3.1194330715
think,hurt,30,undirected,3.1177940369
think,frequent,52,undirected,3.1176632239
think,vision,27,undirected,3.1150263914
think,declin,27,undirected,3.1150263914
think,brighten,11,undirected,3.1128588017
think,indign,43,undirected,3.1124295557
think,yet,369,undirected,3.111508869
think,burst,50,undirected,3.1083152929
think,suffer,142,undirected,3.1048949314
think,repos,25,undirected,3.1042803177
think,piti,79,undirected,3.1030916608
think,father,429,undirected,3.1003145369
think,fear,197,undirected,3.0957318074
think,memori,50,undirected,3.0942635395
think,hastili,44,undirected,3.0938106067
think,fatigu,23,undirected,3.0918109667
think,almost,195,undirected,3.0906072283
think,girl,238,undirected,3.0899177656
think,oppress,23,undirected,3.0889332668
think,eye,497,undirected,3.087780459
think,curios,43,undirected,3.0860305072
think,alway,270,undirected,3.0836153757
think,home,297,undirected,3.0834383101
think,walk,192,undirected,3.0827711376
think,voic,236,undirected,3.0821740656
think,long,401,undirected,3.0806124333
think,miss,536,undirected,3.0794728824
think,assert,20,undirected,3.0761560489
think,express,174,undirected,3.0752376805
think,endur,41,undirected,3.072700442
think,must,531,undirected,3.0725466286
think,handsom,61,undirected,3.0706355196
think,excit,86,undirected,3.0693127926
think,wife,168,undirected,3.06922757
think,glow,33,undirected,3.0687192395
think,stay,97,undirected,3.0664656776
think,ardent,15,undirected,3.0626532782
think,improv,36,undirected,3.0621169414
think,awak,19,undirected,3.061411673
think,complain,16,undirected,3.0607773565
think,cousin,77,undirected,3.0602037975
think,footstep,18,undirected,3.0576586192
think,think,563,undirected,3.0573236627
think,soften,25,undirected,3.0545318401
think,subdu,19,undirected,3.051310577
think,dear,306,undirected,3.0484899782
think,gave,167,undirected,3.0468071468
think,left,233,undirected,3.0465555791
think,breakfast,42,undirected,3.0465361588
think,ever,320,undirected,3.0463240772
think,distress,55,undirected,3.0439069567
think,sooth,37,undirected,3.0432396538
think,pride,57,undirected,3.0429702451
think,arrang,60,undirected,3.0414210581
think,dare,83,undirected,3.0402321327
think,usual,91,undirected,3.0395989128
think,kind,234,undirected,3.0374695994
think,longer,90,undirected,3.0358344514
think,droop,12,undirected,3.0356603719
think,excus,39,undirected,3.0354595485
think,affect,141,undirected,3.0348274318
think,calm,63,undirected,3.0315658193
think,quiet,111,undirected,3.0305222293
think,pillow,26,undirected,3.0294535244
think,talk,193,undirected,3.0291743291
think,madam,94,undirected,3.0290713831
think,watch,124,undirected,3.0285267761
think,lesson,27,undirected,3.0215452016
think,given,110,undirected,3.0214723938
think,mother,376,undirected,3.0155865546
think,littl,690,undirected,3.0144319676
think,lip,94,undirected,3.0123249731
think,dress,106,undirected,3.0117598937
think,somebodi,20,undirected,3.0114136333
think,nervous,23,undirected,3.0088905592
think,last,324,undirected,3.0036850529
think,gratitud,34,undirected,3.0022811498
think,dissip,14,undirected,3.0022811498
think,persuas,10,undirected,2.9992554289
think,besid,92,undirected,2.995715138
think,fascin,13,undirected,2.9953124805
think,lament,19,undirected,2.9943382963
think,promis,113,undirected,2.9942682864
think,sens,105,undirected,2.9922308139
think,fold,30,undirected,2.9922308139
think,go,587,undirected,2.9913964092
think,neglect,30,undirected,2.9912313136
think,gay,28,undirected,2.9904466921
think,leav,219,undirected,2.9896314555
think,decid,47,undirected,2.9894686747
think,prayer,45,undirected,2.982940767
think,friendship,33,undirected,2.9813807979
think,rest,139,undirected,2.9813549197
think,infinit,18,undirected,2.9806316781
think,occasion,28,undirected,2.9798082939
think,total,18,undirected,2.9789855872
think,repent,17,undirected,2.9776320145
think,esteem,26,undirected,2.969040267
think,sought,35,undirected,2.9673988382
think,interrupt,56,undirected,2.9656236589
think,stair,49,undirected,2.9616818146
think,refus,59,undirected,2.9595503465
think,mistress,40,undirected,2.9592797138
think,inspir,24,undirected,2.9590378466
think,wait,119,undirected,2.9523638972
think,dearest,19,undirected,2.9509878554
think,thing,391,undirected,2.9502596079
think,handkerchief,15,undirected,2.9491713245
think,delic,32,undirected,2.9488121936
think,bloom,13,undirected,2.9412452592
think,inquiri,29,undirected,2.939507508
think,seat,88,undirected,2.9389054946
think,ach,14,undirected,2.9373368668
think,warm,54,undirected,2.9350106736
think,vagu,13,undirected,2.9346878586
think,persuad,30,undirected,2.9311357146
think,till,203,undirected,2.930992066
think,amiabl,23,undirected,2.9286438323
think,day,438,undirected,2.9286130933
think,exclam,15,undirected,2.9283174882
think,book,78,undirected,2.9274519371
think,room,270,undirected,2.925403248
think,childhood,17,undirected,2.9251220692
think,bonnet,21,undirected,2.9245721654
think,ceas,32,undirected,2.9222384421
think,sit,96,undirected,2.9199101523
think,flatter,26,undirected,2.917408811
think,tea,37,undirected,2.9167724027
think,resign,20,undirected,2.9138818475
think,afraid,57,undirected,2.9108933982
think,sunshin,19,undirected,2.9094388525
think,spirit,137,undirected,2.9069910784
think,hair,75,undirected,2.9064201575
think,bright,66,undirected,2.9018916468
think,marriag,53,undirected,2.8976069759
think,hate,37,undirected,2.8952022097
think,simpl,34,undirected,2.8942504056
think,eleg,30,undirected,2.892385479
think,faint,51,undirected,2.8921193446
think,poor,237,undirected,2.8917556298
think,delight,83,undirected,2.8885222644
think,letter,172,undirected,2.8884995317
think,subsid,9,undirected,2.8878707986
think,uncl,96,undirected,2.8867453061
think,provok,17,undirected,2.8846961928
think,draw,50,undirected,2.8840941553
think,accept,48,undirected,2.8828160279
think,yes,168,undirected,2.8819360631
think,wrote,31,undirected,2.8817864687
think,see,526,undirected,2.8734849973
think,daili,27,undirected,2.8719816858
think,refin,15,undirected,2.8717846608
think,life,287,undirected,2.8713399529
think,bend,16,undirected,2.8678032355
think,real,49,undirected,2.8655082632
think,exert,31,undirected,2.8637524891
think,treasur,14,undirected,2.8630840196
think,partial,18,undirected,2.8568261769
think,bell,45,undirected,2.8553716312
think,world,179,undirected,2.8534409251
think,wed,19,undirected,2.8529266422
think,bedsid,9,undirected,2.8524688715
think,mrs,595,undirected,2.8512128102
think,delicaci,20,undirected,2.8494300153
think,patient,31,undirected,2.8485494936
think,exquisit,13,undirected,2.8471319676
think,leisur,18,undirected,2.8466885086
think,morn,164,undirected,2.8446522056
think,varieti,12,undirected,2.8416579554
think,spring,40,undirected,2.8416579554
think,week,81,undirected,2.8409413664
think,hide,17,undirected,2.8352270651
think,visit,101,undirected,2.8349732258
think,welcom,33,undirected,2.8336742698
think,cold,80,undirected,2.8323466022
think,frighten,21,undirected,2.8267163754
think,woman,200,undirected,2.8209702045
think,certainti,9,undirected,2.8182775068
think,sunk,23,undirected,2.8175470466
think,sink,18,undirected,2.8168779264
think,sick,52,undirected,2.812798041
think,entreat,18,undirected,2.8112991114
think,puzzl,12,undirected,2.8099092571
think,everi,354,undirected,2.808921045
think,tire,29,undirected,2.8081866038
think,shawl,14,undirected,2.8081251353
think,bent,27,undirected,2.8080591178
think,angel,26,undirected,2.8032010384
think,enjoy,56,undirected,2.8001357453
think,want,203,undirected,2.7999833132
think,chair,54,undirected,2.7852166445
think,divid,11,undirected,2.778586786
think,sensibl,37,undirected,2.7766836095
think,cherish,14,undirected,2.7748179373
think,studi,44,undirected,2.7736430791
think,supper,19,undirected,2.7724613696
think,bath,15,undirected,2.7690872626
think,hasten,27,undirected,2.7664241452
think,wrap,10,undirected,2.7658923717
think,insist,19,undirected,2.7648855758
think,danc,39,undirected,2.762952274
think,cup,14,undirected,2.762821221
think,ray,15,undirected,2.7627076556
think,dim,19,undirected,2.761119093
think,capabl,17,undirected,2.7583218883
think,nobodi,38,undirected,2.7554958354
think,strength,40,undirected,2.7534107832
think,scream,12,undirected,2.7532139135
think,pale,47,undirected,2.7525440089
think,expect,112,undirected,2.7478151273
think,widow,26,undirected,2.744769955
think,brown,41,undirected,2.743276893
think,lap,12,undirected,2.7414720956
think,ignor,33,undirected,2.7411184263
think,play,69,undirected,2.7402885634
think,nice,23,undirected,2.7396128877
think,garden,36,undirected,2.7375885955
think,motionless,8,undirected,2.7346858359
think,depend,34,undirected,2.7233268937
think,belief,15,undirected,2.7222036767
think,live,174,undirected,2.7210198555
think,child,164,undirected,2.7158470841
think,librari,16,undirected,2.711762196
think,dinner,42,undirected,2.7065149589
think,tast,47,undirected,2.704016968
think,rain,19,undirected,2.7038910631
think,earli,57,undirected,2.6987759624
think,patienc,17,undirected,2.6908198856
think,tend,10,undirected,2.6766904133
think,various,26,undirected,2.6751766632
think,shine,17,undirected,2.6739910094
think,household,17,undirected,2.6739910094
think,carriag,50,undirected,2.666675089
think,shade,22,undirected,2.6652187686
think,attend,55,undirected,2.6607058599
think,sparkl,11,undirected,2.6544607186
think,summer,27,undirected,2.6541725341
think,style,18,undirected,2.6521935111
think,window,77,undirected,2.6511310818
think,hid,9,undirected,2.6486411095
think,attract,26,undirected,2.6478231136
think,visitor,17,undirected,2.6473903276
think,introduc,20,undirected,2.6454547022
think,door,161,undirected,2.6444211376
think,month,46,undirected,2.6412678042
think,percept,9,undirected,2.6392292754
think,bird,20,undirected,2.6338573133
think,health,33,undirected,2.6320166857
think,bed,66,undirected,2.6275877003
think,sofa,15,undirected,2.6275877003
think,reserv,18,undirected,2.6264309622
think,sourc,12,undirected,2.6155081747
think,flower,39,undirected,2.6148486746
think,spare,27,undirected,2.6137943782
think,oh,132,undirected,2.6133274885
think,nurs,24,undirected,2.6095226929
think,spent,20,undirected,2.6090113148
think,cottag,27,undirected,2.6054578388
think,bless,57,undirected,2.6026811611
think,winter,24,undirected,2.5867657058
think,daughter,82,undirected,2.577781792
think,shut,29,undirected,2.5751097631
think,music,29,undirected,2.5676394397
think,assur,51,undirected,2.5650425863
think,fade,14,undirected,2.5641658739
think,stronger,10,undirected,2.5552670388
think,afflict,14,undirected,2.5489195633
think,snatch,10,undirected,2.5379755416
think,ill,101,undirected,2.5216085642
think,candl,12,undirected,2.5036507991
think,helpless,10,undirected,2.4645480731
think,wretch,23,undirected,2.4519308153
think,wipe,9,undirected,2.4518463879
think,domest,16,undirected,2.4340446188
think,brilliant,12,undirected,2.4269170049
think,luxuri,13,undirected,2.4147535187
think,curtain,11,undirected,2.4105231951
think,fever,11,undirected,2.3968969434
think,paint,12,undirected,2.3865496591
think,autumn,8,undirected,2.3797515364
think,children,64,undirected,2.3648729364
think,silk,10,undirected,2.3274831079
think,furnitur,9,undirected,2.2518820319
think,kitchen,14,undirected,2.1995615568
think,servant,34,undirected,2.1417028817
think,contain,10,undirected,2.0421185336
think,neat,6,undirected,1.9104256436
think,beam,5,undirected,1.8524765819
think,disord,4,undirected,1.8400777583
think,spend,8,undirected,1.8062946971
think,ornament,4,undirected,1.7050664187
